词形,词性,褒贬色彩,感情特点,近义词,
爱戴,动词,褒义,敬重,拥戴,
爱国,动词,褒义,赞扬,报国,
爱护,动词,褒义,赞扬,爱惜/保护,
爱惜,动词,褒义,赞扬,爱护/珍惜,
暧昧,形容词,贬义,批评,含糊/含混,
安详,形容词,褒义,赞扬,从容/稳重,
暗藏,动词,贬义,贬责,窝藏,
暗害,动词,贬义,憎恶,暗杀/暗算,
暗箭,名词,贬义,憎恶,暗器/冷箭,
暗算,动词,贬义,憎恶,算计/陷害,
暗无天日,成语,贬义,贬责,,
肮脏,形容词,贬义,批评/憎恶,邋遢/龌龊/污秽,
昂扬,形容词,褒义,赞扬,昂然/高昂/激昂,
傲慢,形容词,贬义,贬责,骄傲/轻慢,
傲然,形容词,褒义,赞扬,岿然/凛然,
八面玲珑,成语,贬义,批评,八面光,
巴结,动词,贬义,贬责,谄媚/阿谀/逢迎/奉承/拍马,
拔苗助长,成语,贬义,批评,欲速不达,
跋扈,形容词,贬义,憎恶,霸道/骄横/蛮横/专横,
把持,动词,贬义,贬责,操纵/独揽,
霸道,形容词,贬义,憎恶,蛮横/强横/霸气,
霸占,动词,贬义,憎恶,掠夺/强占/侵占,
白璧无瑕,成语,褒义,赞扬,十全十美/完美无缺,
白眼儿狼,惯用语,贬义,贬责,,
百发百中,成语,褒义,赞扬,弹无虚发,
百里挑一,成语,褒义,赞扬,出类拔萃/无出其右,
百炼成钢,成语,褒义,赞扬,千锤百炼,
百战百胜,成语,褒义,赞扬,百战不殆/所向披靡/所向无敌/战无不胜,
百战不殆,成语,褒义,赞扬,百战百胜/战无不胜,
百折不挠,成语,褒义,赞扬,不屈不挠/坚忍不拔/一往无前/勇往直前,
摆架子,惯用语,贬义,批评,拿架子,
败笔,名词,贬义,批评,,
败坏,动词/形容词,贬义,贬责,毁坏/破坏/损害/堕落/腐败,
败家子儿,惯用语,贬义,贬责,,
败类,名词,贬义,憎恶,丑类,
败露,动词,贬义,憎恶,东窗事发,
斑斓,形容词,褒义,赞扬,灿烂/绚烂/绚丽,
搬弄是非,成语,贬义,批评,搬嘴弄舌/惹是生非,
半瓶醋,惯用语,贬义,批评,,
半途而废,成语,贬义,批评,功亏一篑/前功尽弃/有始无终/有头无尾,
绊脚石,惯用语,贬义,批评,拦路虎,
帮派,名词,贬义,贬责,团伙/小集团,
帮凶,名词,贬义,憎恶,鹰犬/爪牙/走狗,
榜样,名词,褒义,赞扬,标兵/表率/楷模/模范,
包办代替,成语,贬义,批评,越俎代庖,
包庇,动词,贬义,贬责,庇护/袒护,
包藏祸心,成语,贬义,憎恶,心怀鬼胎,
褒扬,动词,褒义,赞扬,褒奖/表扬/赞扬,
饱食终日,成语,贬义,贬责,无所事事/无所用心,
宝贵,形容词,褒义,赞扬,可贵/珍贵,
宝库,名词,褒义,赞扬,宝藏,
宝藏,名词,褒义,赞扬,宝库,
保护伞,惯用语,贬义,憎恶,,
保守,形容词,贬义,批评,抱残守缺/因循守旧,
抱残守缺,成语,贬义,贬责,固步自封/因循守旧,
抱负,名词,褒义,赞扬,理想/雄心/壮志,
抱头鼠窜,成语,贬义,憎恶,狼奔豕突/逃之夭夭,
报国,动词,褒义,赞扬,爱国,
暴利,名词,贬义,贬责,,
暴虐,形容词,贬义,憎恶,残暴/残酷/凶暴/凶残/凶恶,
暴徒,名词,贬义,憎恶,歹徒/恶棍,
暴行,名词,贬义,憎恶,兽行,
卑鄙,形容词,贬义,憎恶,卑劣,
卑躬屈膝,成语,贬义,憎恶,卑躬屈节/奴颜婢膝,
卑劣,形容词,贬义,憎恶,卑鄙/恶劣,
悲壮,形容词,褒义,敬重,雄壮/壮烈,
背信弃义,成语,贬义,贬责,忘恩负义,
本末倒置,成语,贬义,批评,舍本逐末,
笨拙,形容词,贬义,批评,蠢笨/愚笨/拙笨,
笔底生花,成语,褒义,赞扬,,
笔杆子,惯用语,褒义,赞扬,,
闭关自守,成语,贬义,批评,闭关锁国,
闭门造车,成语,贬义,批评,,
庇护,动词,贬义,贬责,包庇/袒护,
弊病,名词,贬义,批评,弊端/毛病/缺点,
弊端,名词,贬义,批评,弊病,
变本加厉,成语,贬义,贬责,,
变节,动词,贬义,憎恶,叛变,
标榜,动词,贬义,贬责/批评,吹嘘/夸耀,
标兵,名词,褒义,赞扬,榜样/表率/模范,
标新立异,成语,贬义,批评,,
标新立异,成语,褒义,赞扬,独树一帜/独辟蹊径,
标致,形容词,褒义,赞扬,美丽/好看/漂亮,
表里如一,成语,褒义,赞扬,心口如一,
表率,名词,褒义,赞扬,榜样/标兵/模范,
表扬,动词,褒义,赞扬,褒扬/表彰/赞扬,
表彰,动词,褒义,赞扬,褒奖/褒扬/表扬,
别有天地,成语,褒义,赞扬,别有洞天,
别有用心,成语,贬义,憎恶,包藏祸心/居心叵测,
别致,形容词,褒义,赞扬,新奇,
彬彬有礼,成语,褒义,赞扬,文质彬彬,
波澜壮阔,成语,褒义,赞扬,风起云涌/汹涌澎湃,
博学多才,成语,褒义,赞扬,博学多能/博学多闻,
捕风捉影,成语,贬义,贬责,无中生有,
不凡,形容词,褒义,赞扬,非凡/卓越,
不可救药,成语,贬义,贬责,病入膏肓,
不落窠臼,成语,褒义,赞扬,别出心裁/独辟蹊径/独树一帜,
不屈不挠,成语,褒义,赞扬,百折不挠/坚贞不屈,
不同凡响,成语,褒义,赞扬,超群绝伦/出类拔萃,
不朽,形容词,褒义,赞扬,,
不学无术,成语,贬义,贬责,胸无点墨,
不择手段,成语,贬义,憎恶,,
才干,名词,褒义,赞扬,才华/才能/才识/才学/才智,
才华,名词,褒义,赞扬,才干/才能/才识/才学/才智,
才能,名词,褒义,赞扬,才干/才华/才学/才智,
残暴,形容词,贬义,憎恶,残酷/残忍/凶暴/凶残/凶恶,
残害,动词,贬义,憎恶,戕害/杀害/伤害,
残酷,形容词,贬义,憎恶,残暴/残忍/冷酷/凶狠/严酷,
残忍,形容词,贬义,憎恶,残暴/残酷/狠毒/凶狠,
蚕食鲸吞,成语,贬义,憎恶,,
惨无人道,成语,贬义,憎恶,惨绝人寰,
灿烂,形容词,褒义,喜爱/赞扬,璀璨/绚烂/光辉/光明/辉煌,
藏垢纳污,成语,贬义,憎恶,,
操纵,动词,贬义,贬责,把持,
草包,名词,贬义,批评,庸才/庸人,
草菅人命,成语,贬义,憎恶,视若草芥,
草率,形容词,贬义,批评,粗率/马虎,
豺狼,名词,贬义,憎恶,虎豹/蛇蝎,
谗言,名词,贬义,憎恶,谰言,
谄媚,动词,贬义,贬责,阿谀/逢迎/拍马/讨好,
昌盛,形容词,褒义,赞扬,繁荣/富强/强盛/兴盛/兴旺,
猖獗,形容词,贬义,憎恶,猖狂/疯狂,
猖狂,形容词,贬义,憎恶,猖獗/疯狂,
唱高调,惯用语,贬义,批评,,
抄袭,动词,贬义,批评/贬责,剽窃/因袭/沿袭,
超群,形容词,褒义,赞扬,超凡/超绝/出众/杰出/卓越,
巢穴,名词,贬义,憎恶,老巢,
扯皮,动词,贬义,批评,,
彻头彻尾,成语,贬义,贬责,,
沉沦,动词,贬义,贬责,沉溺,
沉溺,动词,贬义,贬责,沉沦,
陈陈相因,成语,贬义,批评,固步自封/因循守旧/墨守陈规/一仍旧贯,
陈词滥调,成语,贬义,贬责,,
陈腐,形容词,贬义,贬责,陈旧/腐朽,
趁火打劫,成语,贬义,贬责,乘人之危/浑水摸鱼/落井下石,
称颂,动词,褒义,赞扬,称誉/称赞/歌颂/颂扬/赞颂/赞扬/赞誉,
称赞,动词,褒义,赞扬,称誉/夸奖/赞美/赞叹/赞许/赞扬/赞誉,
成功,动词,褒义,赞扬,胜利,
成果,名词,褒义,赞扬,硕果/成就,
成就,名词,褒义,赞扬,成果/成绩,
诚恳,形容词,褒义,赞扬,诚心/诚挚/恳切/真诚,
诚实,形容词,褒义,赞扬,诚挚/真诚,
诚心诚意,成语,褒义,赞扬,真心真意/真心实意,
诚挚,形容词,褒义,赞扬,真挚/诚恳/真诚,
乘风波浪,成语,褒义,赞扬,劈波斩浪,
乘人之危,成语,贬义,贬责,趁火打劫/浑水摸鱼/落井下石,
吃苦耐劳,成语,褒义,赞扬,克勤克俭,
痴心妄想,成语,贬义,贬责,胡思乱想,
驰名,动词,褒义,赞扬,驰誉/闻名/著名,
叱咤风云,成语,褒义,赞扬,气吞山河/气壮山河,
赤诚,形容词,褒义,赞扬,真诚/至诚/忠诚,
赤胆忠心,成语,褒义,赞扬,忠心耿耿,
冲锋陷阵,成语,褒义,赞扬,赴汤蹈火,
充斥,动词,贬义,贬责,,
充沛,形容词,褒义,赞扬,,
憧憬,动词,褒义,喜爱,向往,
重演,动词,贬义,贬责,,
崇高,形容词,褒义,赞扬,高贵/高尚/神圣,
崇敬,动词,褒义,敬重,敬佩/敬仰/敬重/尊敬,
宠儿,名词,贬义,鄙视,,
宠信,动词,贬义,贬责,宠爱,
丑八怪,惯用语,贬义,厌恶,,
丑恶,形容词,贬义,憎恶,丑陋/恶劣,
丑化,动词,贬义,贬责,,
丑剧,名词,贬义,贬责/讥讽,,
丑陋,形容词,贬义,厌恶,难看,
丑态,名词,贬义,厌恶,,
丑闻,名词,贬义,厌恶,,
臭架子,惯用语,贬义,厌恶,,
臭名远扬,成语,贬义,鄙视/厌恶,臭名昭著,
臭名昭著,成语,贬义,憎恶,臭名远扬,
臭味相投,成语,贬义,贬责/厌恶,沆瀣一气,
出尔反尔,成语,贬义,贬责,反复无常/朝令夕改/朝三暮四,
出类拔萃,成语,褒义,赞扬,超群绝伦,
出卖,动词,贬义,憎恶,,
出色,形容词,褒义,赞扬,出众/非凡/杰出/卓越,
出众,形容词,褒义,赞扬,出色/杰出/卓越,
处心积虑,成语,贬义,憎恶,费尽心机,
传家宝,名词,褒义,赞扬,,
传颂,动词,褒义,赞扬,歌颂/颂扬,
串通,动词,贬义,贬责,勾结,
闯将,名词,褒义,赞扬,干将/猛将,
吹大气,惯用语,贬义,批评,吹大炮/吹牛皮,
吹捧,动词,贬义,贬责,吹嘘/奉承/拍马/阿谀,
吹嘘,动词,贬义,贬责,吹牛/吹捧,
纯洁,形容词,褒义,赞扬,纯粹/高尚,
纯真,形容词,褒义,赞扬,纯洁/真诚/真挚,
淳朴,形容词,褒义,赞扬,朴实/质朴,
蠢蠢欲动,成语,贬义,憎恶,,
慈爱,形容词,褒义,喜爱,慈祥/爱怜,
慈祥,形容词,褒义,喜爱,慈爱/和蔼,
聪慧,形容词,褒义,赞扬,聪明/聪颖,
聪明,形容词,褒义,赞扬,聪慧/聪颖,
聪颖,形容词,褒义,赞扬,聪慧/聪明,
粗暴,形容词,贬义,贬责,暴躁/粗鲁/粗野,
粗鲁,形容词,贬义,贬责,粗暴/鲁莽,
粗心,形容词,贬义,批评,马虎/大意,
粗枝大叶,成语,贬义,批评,粗心大意,
粗制滥造,成语,贬义,贬责,,
摧残,动词,贬义,贬责,损害/残害,
脆弱,形容词,贬义,批评,软弱/懦弱,
达观,形容词,褒义,赞扬,豁达/旷达,
打家劫舍,成语,贬义,憎恶,趁火打劫,
打退堂鼓,惯用语,贬义,批评,半途而废/功亏一篑/前攻尽弃,
大刀阔斧,成语,褒义,赞扬,当机立断/雷厉风行/快刀斩乱麻,
大度,形容词,褒义,赞扬,豁达/宽容/旷达,
大放厥词,成语,贬义,贬责,,
大公无私,成语,褒义,赞扬,公而忘私/克己奉公,
大肆,副词,贬义,憎恶,肆意,
大无畏,形容词,褒义,赞扬,无畏/勇敢,
大显身手,成语,褒义,赞扬,大显神通/各显神通,
大显神通,成语,褒义,赞扬,大显身手/各显神通,
大义凛然,成语,褒义,赞扬,坚强不屈/临危不惧,
大杂烩,惯用语,贬义,贬责,,
呆板,形容词,贬义,批评,刻板/死板,
歹徒,名词,贬义,憎恶,暴徒,
单调,形容词,贬义,批评,简单/贫乏,
殚精竭虑,成语,褒义,赞扬,尽心尽力/尽心竭力,
胆大妄为,成语,贬义,憎恶,胡作非为,
胆大心细,成语,褒义,赞扬,,
胆怯,形容词,贬义,贬责,怯懦/畏怯/畏缩,
胆小如鼠,成语,贬义,贬责,畏首畏尾,
当机立断,成语,褒义,赞扬,大刀阔斧/雷厉风行/斩钉截铁/快刀斩乱麻,
党羽,名词,贬义,憎恶,朋党/死党,
捣鬼,动词,贬义,憎恶,捣乱,
倒行逆施,成语,贬义,憎恶,,
盗窃,动词,贬义,憎恶,盗用/扒窃/窃取/偷窃/偷盗/行窃,
盗用,动词,贬义,憎恶,冒充,
得逞,动词,贬义,憎恶,,
得寸进尺,成语,贬义,贬责,得陇望蜀/贪得无厌,
得过且过,成语,贬义,贬责,苟且偷安/苟且偷生,
得陇望蜀,成语,贬义,贬责,得寸进尺/贪得无厌,
德高望重,成语,褒义,赞扬,德深望重,
低劣,形容词,贬义,贬责,粗劣/拙劣,
低三下四,成语,贬义,贬责,低声下气,
诋毁,动词,贬义,憎恶,诽谤/毁谤/污蔑,
抵赖,动词,贬义,憎恶,狡赖,
地头蛇,惯用语,贬义,憎恶,地痞/恶霸,
颠倒黑白,成语,贬义,贬责,混淆黑白/颠倒是非/混淆是非,
颠覆,动词,贬义,憎恶,,
颠扑不破,成语,褒义,赞扬,牢不可破,
颠三倒四,成语,贬义,批评,语无伦次/杂乱无章,
典范,名词,褒义,赞扬,榜样/范例/楷模/模范,
典雅,形容词,褒义,赞扬,雅致,
玷污,动词,贬义,贬责,损害/污辱,
喋喋不休,成语,贬义,批评,滔滔不绝/夸夸其谈,
顶梁柱,惯用语,褒义,赞扬,擎天柱,
顶天立地,成语,褒义,赞扬,,
动人,形容词,褒义,赞扬,感人,
动听,形容词,褒义,赞扬,,
兜售,动词,贬义,贬责,,
毒害,动词,贬义,憎恶,侵害/损害,
毒辣,形容词,贬义,憎恶,残忍/恶毒/狠毒,
独裁,动词,贬义,憎恶,专制,
独断专行,成语,贬义,贬责,一意孤行/刚愎自用,
独具匠心,成语,褒义,赞扬,匠心独运,
端庄,形容词,褒义,赞扬,大方/庄重,
短小精悍,成语,褒义,赞扬,言简意赅/简明扼要/要言不烦,
多才多艺,成语,褒义,赞扬,,
多面手,惯用语,褒义,赞扬,,
多谋善断,成语,褒义,赞扬,足智多谋,
堕落,动词,贬义,贬责,腐化/沉沦,
阿谀,动词,贬义,贬责,巴结/逢迎/奉承/拍马/讨好/迎合,
婀娜多姿,成语,褒义,喜爱,苗条/轻盈,
讹诈,动词,贬义,贬责,勒索/敲诈/威逼,
扼杀,动词,贬义,贬责,摧残/压制,
恶霸,名词,贬义,憎恶,恶狼/恶魔/魔鬼/凶神,
恶毒,形容词,贬义,贬责,歹毒/狠毒/阴毒,
恶贯满盈,成语,贬义,憎恶,罪大恶极/罪恶滔天,
恶棍,名词,贬义,憎恶,地痞/恶霸/无赖/地头蛇,
恶果,名词,贬义,贬责,后果/下场,
恶劣,形容词,贬义,憎恶,卑劣,
恶名,名词,贬义,贬责,臭名/骂名,
恶魔,名词,贬义,憎恶,恶鬼/魔鬼/妖魔,
恶习,名词,贬义,憎恶,陋习,
恶行,名词,贬义,贬责,劣迹,
恶作剧,惯用语,贬义,批评,,
尔虞我诈,成语,贬义,憎恶,勾心斗角,
耳聪目明,成语,褒义,赞扬,聪明伶俐,
耳目一新,成语,褒义,喜爱,焕然一新/面目一新,
二百五,惯用语,贬义,批评,二愣子/二五眼,
二流子,名词,贬义,憎恶,懒汉,
发达,形容词,褒义,赞扬,昌盛/繁荣/兴盛/兴旺,
发愤图强,成语,褒义,赞扬,发奋图强/奋发图强,
发扬,动词,褒义,赞扬,提倡,
发扬光大,成语,褒义,赞扬,,
烦琐,形容词,贬义,批评,繁冗/啰嗦,
繁荣,形容词,褒义,赞扬,昌盛/发达/繁华/繁盛/兴盛/兴旺,
反动,形容词,贬义,憎恶,,
反扑,动词,贬义,憎恶,,
泛滥,动词,贬义,贬责,,
范例,名词,褒义,赞扬,典范,
放空炮,惯用语,贬义,批评,,
放冷风,惯用语,贬义,贬责,,
放肆,形容词,贬义,批评,放纵,
飞扬跋扈,成语,贬义,憎恶,横行霸道/胡作非为/为非作歹,
非凡,形容词,褒义,赞扬,不凡/超凡,
诽谤,动词,贬义,憎恶,毁谤/诋毁/诬蔑,
废寝忘食,成语,褒义,赞扬,发愤忘食/孜孜不倦,
奋不顾身,成语,褒义,赞扬,出生入死/奋勇当先/舍生忘死/挺身而出,
奋斗,动词,褒义,赞扬,,
奋发图强,成语,褒义,赞扬,发愤图强/发奋图强,
奋勇,形容词,褒义,赞扬,奋发/英勇/勇敢,
丰碑,名词,褒义,赞扬,,
丰富多彩,成语,褒义,赞扬,琳琅满目/气象万千,
丰功伟绩,成语,褒义,赞扬,汗马功劳,
丰硕,形容词,褒义,赞扬,丰富/丰厚/丰满/丰盛,
风度,名词,褒义,喜爱,风采/风范/风韵/风姿,
风华正茂,成语,褒义,赞扬,年轻有为,
疯狂,形容词,贬义,憎恶,猖獗/猖狂,
逢迎,动词,贬义,贬责,谄媚/吹捧/阿谀/奉承/拍马/讨好,
奉承,动词,贬义,贬责,吹捧/阿谀/逢迎/恭维/讨好,
奉献,动词,褒义,赞扬,贡献,
肤浅,形容词,贬义,批评,,
敷衍了事,成语,贬义,批评,敷衍塞责/马马虎虎,
浮躁,形容词,贬义,批评,急躁,
腐败,形容词,贬义,贬责,腐化/腐朽,
腐化,形容词,贬义,贬责,腐败/腐朽,
腐蚀,动词,贬义,憎恶,侵蚀,
腐朽,形容词,贬义,憎恶,陈腐/腐败/腐化,
负隅顽抗,成语,贬义,憎恶,,
赴汤蹈火,成语,褒义,赞扬,奋不顾身/舍生忘死,
复辟,动词,贬义,憎恶,,
富丽堂皇,成语,褒义,赞扬,,
富强,形容词,褒义,赞扬,昌盛/繁荣/强大/强盛,
富饶,形容词,褒义,赞扬,丰饶/富裕,
干练,形容词,褒义,赞扬,精明/利落,
刚愎自用,成语,贬义,贬责,独断专行/固执己见,
刚强,形容词,褒义,赞扬,坚强/刚毅,
刚毅,形容词,褒义,赞扬,刚强/坚毅,
刚正不阿,成语,褒义,赞扬,,
高傲,形容词,贬义,批评,骄傲/自大,
高材生,名词,褒义,赞扬,全优生,
高超,形容词,褒义,赞扬,出色/非凡/卓越,
高风亮节,成语,褒义,赞扬,,
高贵,形容词,褒义,喜爱/赞扬,高尚/崇高/贵重/珍贵,
高明,形容词,褒义,赞扬,高超/高强,
高尚,形容词,褒义,赞扬,崇高/高贵/高雅,
高雅,形容词,褒义,赞扬,高尚/文雅,
高瞻远瞩,成语,褒义,赞扬,,
歌功颂德,成语,贬义,贬责,,
歌颂,动词,褒义,赞扬,颂扬/赞美/赞颂,
工整,形容词,褒义,赞扬,细致/整齐,
公平,形容词,褒义,赞扬,公道/公正,
公正,形容词,褒义,赞扬,公平,
功绩,名词,褒义,赞扬,功劳/功勋,
功劳,名词,褒义,赞扬,功绩/功勋/贡献,
功勋,名词,褒义,赞扬,功劳/功绩/勋劳,
恭敬,形容词,褒义,敬重,尊敬,
恭维,动词,贬义,贬责,奉承/讨好,
贡献,动词/名词,褒义,赞扬,奉献,
勾搭,动词,贬义,憎恶,串通/勾结,
勾结,动词,贬义,憎恶,串通/勾搭,
勾引,动词,贬义,憎恶,勾搭/勾结,
勾心斗角,成语,贬义,憎恶,尔虞我诈/明争暗斗,
苟且偷安,成语,贬义,贬责,得过且过/苟且偷生,
苟且偷生,成语,贬义,贬责,得过且过/苟且偷安,
苟延残喘,成语,贬义,憎恶,气息奄奄/日薄西山,
狗腿子,惯用语,贬义,憎恶,帮凶/走狗,
狗仗人势,成语,贬义,憎恶,狐假虎威/仗势欺人,
勾当,名词,贬义,憎恶,,
沽名钓誉,成语,贬义,贬责,欺世盗名,
辜负,动词,贬义,批评,,
蛊惑,动词,贬义,贬责,欺骗/煽动,
鼓励,动词,褒义,喜爱,鼓舞/激励/勉励,
鼓舞,动词/形容词,褒义,喜悦,鼓励/兴奋/振作,
固执,动词/形容词,贬义,批评,顽固,
固步自封,成语,贬义,批评,裹足不前/因循守旧,
寡廉鲜耻,成语,贬义,憎恶,恬不知耻,
惯技,名词,贬义,憎恶,伎俩,
光彩,名词/形容词,褒义,喜爱/赞扬,光辉/光荣,
光辉,名词/形容词,褒义,喜爱/赞扬,光明/灿烂/辉煌/光彩,
光明,形容词,褒义,赞扬,光辉,
光明磊落,成语,褒义,赞扬,光明正大/正大光明,
光荣,名词/形容词,褒义,赞扬,光彩/荣耀/荣誉,
龟缩,动词,贬义,憎恶/鄙视,藏匿,
瑰宝,名词,褒义,喜爱,珍宝,
瑰丽,形容词,褒义,赞扬,美丽/绮丽/绚丽/艳丽,
诡计,名词,贬义,憎恶,花招/奸计/阴谋,
鬼把戏,惯用语,贬义,憎恶/贬责,鬼花招,
鬼斧神工,成语,褒义,赞扬,,
鬼鬼祟祟,成语,贬义,贬责,鬼头鬼脑/偷偷摸摸,
鬼哭狼嚎,成语,贬义,贬责,,
刽子手,名词,贬义,憎恶,,
国宝,名词,褒义,喜爱,,
国粹,名词,褒义,赞扬,,
果断,形容词,褒义,赞扬,果敢/果决,
果敢,形容词,褒义,赞扬,果断/勇敢,
裹足不前,成语,贬义,批评,固步自封/停滞不前,
过错,名词,贬义,批评,过失/错误,
过河拆桥,成语,贬义,贬责,忘恩负义,
过街老鼠,成语,贬义,憎恶,,
哈巴狗,惯用语,贬义,憎恶/鄙视,,
害群之马,成语,贬义,贬责,,
害人虫,惯用语,贬义,憎恶,,
含沙射影,成语,贬义,憎恶,指桑骂槐,
汉奸,名词,贬义,憎恶,卖国贼,
捍卫,动词,褒义,赞扬,保卫,
悍然,副词,贬义,憎恶,,
豪杰,名词,褒义,赞扬,英雄,
豪迈,形容词,褒义,赞扬,豪放,
豪情,名词,褒义,赞扬,激情/壮志,
豪爽,形容词,褒义,赞扬,豪放/直爽,
豪言壮语,成语,褒义,赞扬,,
好汉,名词,褒义,赞扬,铁汉/英雄/硬汉,
好吃懒做,成语,贬义,批评,好逸恶劳,
好大喜功,成语,贬义,批评,,
好高骛远,成语,贬义,批评,,
好为人师,成语,贬义,批评,骄傲自大,
好学不倦,成语,褒义,赞扬,学而不厌,
好学深思,成语,褒义,赞扬,,
好逸恶劳,成语,贬义,贬责,好吃懒做,
浩劫,名词,贬义,贬责,灾难/灾祸,
浩然正气,成语,褒义,赞扬,,
和蔼,形容词,褒义,赞扬,和气/和善/温和,
和睦,形容词,褒义,赞扬,和气,
和气,形容词,褒义,赞扬,和蔼/和睦/和善/和悦/温和,
和谐,形容词,褒义,赞扬,融洽,
和颜悦色,成语,褒义,亲切,和蔼可亲,
和衷共济,成语,褒义,赞扬,风雨同舟/齐心合力/同心协力/同舟共济,
黑心肠,惯用语,贬义,憎恶,,
狠毒,形容词,贬义,憎恶,毒辣/恶毒/狠心/凶狠,
狠心,形容词,贬义,憎恶,狠毒,
恒心,名词,褒义,赞扬,,
横行,动词,贬义,憎恶,,
横征暴敛,成语,贬义,憎恶,苛捐杂税,
轰轰烈烈,成语,褒义,赞扬,大张旗鼓,
弘扬,动词,褒义,赞扬,发扬,
宏大,形容词,褒义,赞扬,宏伟/巨大/远大,
宏伟,形容词,褒义,赞扬,宏大/雄伟,
哄骗,动词,贬义,贬责,蒙骗/欺骗,
后果,名词,贬义,贬责,恶果,
后起之秀,成语,褒义,赞扬,,
后遗症,惯用语,贬义,批评,,
厚道,形容词,褒义,赞扬,大度/宽容/忠厚,
厚颜无耻,成语,贬义,贬责,恬不知耻,
呼之欲出,成语,褒义,赞扬,,
囫囵吞枣,成语,贬义,批评,不求甚解,
狐假虎威,成语,贬义,憎恶,,
狐狸尾巴,惯用语,贬义,憎恶,,
狐群狗党,成语,贬义,憎恶,狐朋狗友,
胡搅蛮缠,成语,贬义,贬责,,
胡作非为,成语,贬义,憎恶,为非作歹/为所欲为,
糊涂,形容词,贬义,批评,昏庸,
虎视眈眈,成语,贬义,憎恶,,
虎头蛇尾,成语,贬义,批评,有始无终/有头无尾,
花天酒地,成语,贬义,贬责,穷奢极欲/纸醉金迷/醉生梦死,
花言巧语,成语,贬义,贬责,甜言蜜语,
花招,名词,贬义,憎恶,把戏,
华而不实,成语,贬义,批评,,
哗众取宠,成语,贬义,批评,,
划时代,惯用语,褒义,赞扬,,
画蛇添足,成语,贬义,批评,多此一举/节外生枝,
涣散,形容词,贬义,批评,散漫/松懈,
焕发,形容词,褒义,赞扬,,
焕然一新,成语,褒义,赞扬,,
荒诞,形容词,贬义,贬责,荒谬/荒唐/离奇,
荒谬,形容词,贬义,贬责,荒诞/荒唐,
荒唐,形容词,贬义,贬责,荒诞/荒谬,
荒淫,形容词,贬义,憎恶,,
黄色,形容词,贬义,贬责/厌恶,,
谎话,名词,贬义,批评,谎言,
谎言,名词,贬义,贬责,谎话,
灰溜溜,形容词,贬义,批评,,
挥霍,动词,贬义,贬责,浪费,
辉煌,形容词,褒义,赞扬,灿烂/光辉/显著,
毁谤,动词,贬义,憎恶,诋毁/诽谤/诬蔑,
毁坏,动词,贬义,贬责,破坏/损害/损坏,
诲人不倦,成语,褒义,赞扬,谆谆教诲,
讳疾忌医,成语,贬义,批评,,
绘声绘色,成语,褒义,赞扬,,
昏庸,形容词,贬义,贬责,糊涂/愚蠢,
浑水摸鱼,成语,贬义,贬责,趁火打劫,
混乱,形容词,贬义,批评,纷乱/凌乱/紊乱/杂乱,
混淆是非,成语,贬义,憎恶,颠倒黑白/颠倒是非/混淆黑白,
活泼,形容词,褒义,喜爱,天真/生动,
货色,名词,贬义,鄙视,,
祸国殃民,成语,贬义,憎恶,,
豁达,形容词,褒义,赞扬,达观/大度/开朗/旷达,
机警,形容词,褒义,赞扬,机灵/机智/敏锐,
机灵,形容词,褒义,赞扬,聪明/机警/机智/伶俐,
机智,形容词,褒义,赞扬,聪明/机警/机灵/机敏,
激励,动词,褒义,赞扬,鼓励/激发,
急公好义,成语,褒义,赞扬,,
伎俩,名词,贬义,憎恶,把戏/惯技/花招,
忌妒,动词,贬义,批评,妒恨/妒忌/嫉妒/嫉恨,
继往开来,成语,褒义,赞扬,承前启后,
佳作,名词,褒义,赞扬,杰作,
假公济私,成语,贬义,贬责,,
假冒,动词,贬义,贬责,冒充,
假惺惺,惯用语,贬义,贬责,假情假意/假心假意,
嫁祸于人,成语,贬义,贬责,栽赃陷害,
尖酸刻薄,成语,贬义,贬责,,
奸臣,名词,贬义,憎恶,佞臣,
奸商,名词,贬义,憎恶,,
奸细,名词,贬义,憎恶,间谍,
奸笑,动词,贬义,憎恶,狞笑,
奸贼,名词,贬义,憎恶,贼子,
奸诈,形容词,贬义,憎恶,诡诈/狡诈,
坚持不懈,成语,褒义,赞扬,持之以恒,
坚定,形容词,褒义,赞扬,坚决/坚强/坚毅,
坚强,形容词,褒义,赞扬,坚定/顽强,
坚忍不拔,成语,褒义,赞扬,坚定不移/坚贞不屈,
坚如磐石,成语,褒义,赞扬,,
坚毅,形容词,褒义,赞扬,刚毅/坚定,
坚贞不屈,成语,褒义,赞扬,不屈不挠/坚忍不拔,
艰苦朴素,成语,褒义,赞扬,吃苦耐劳/勤俭节约,
俭朴,形容词,褒义,赞扬,俭省/简朴/朴素,
简洁,形容词,褒义,赞扬,简捷/简明/简要,
简捷,形容词,褒义,赞扬,简洁,
简练,形容词,褒义,赞扬,简洁/简明/简要/精炼,
简明,形容词,褒义,赞扬,简洁/简要,
简朴,形容词,褒义,赞扬,俭朴/简单/朴素,
见义勇为,成语,褒义,赞扬,奋不顾身,
健美,形容词,褒义,赞扬,健康/健壮,
践踏,动词,贬义,憎恶,摧残/破坏,
匠心独运,成语,褒义,赞扬,别具匠心/独具匠心,
娇惯,动词,贬义,批评,溺爱,
娇气,形容词,贬义,批评,,
骄傲,形容词,贬义,批评,傲慢/自大/自满,
骄傲,名词/形容词,褒义,豪迈/赞扬,自豪,
骄横,形容词,贬义,憎恶,蛮横/强横/凶横/专横,
佼佼者,名词,褒义,赞扬,,
狡猾,形容词,贬义,憎恶,诡诈/狡诈,
狡诈,形容词,贬义,憎恶,诡诈/狡猾,
矫健,形容词,褒义,赞扬,矫捷,
矫揉造作,成语,贬义,贬责,装腔作势,
叫嚣,动词,贬义,憎恶,,
节俭,形容词,褒义,赞扬,俭朴/俭省/节约,
节外生枝,成语,贬义,贬责,,
杰出,形容词,褒义,赞扬,出色/卓越,
杰作,名词,褒义,赞扬,佳作,
结党营私,成语,贬义,贬责,,
捷报,名词,褒义,喜悦,喜报,
借刀杀人,成语,贬义,憎恶,,
斤斤计较,成语,贬义,批评,,
锦绣,名词,褒义,赞美,,
谨小慎微,成语,贬义,批评,,
尽善尽美,成语,褒义,赞扬,十全十美/完美无缺,
兢兢业业,成语,褒义,赞扬,,
精彩,形容词,褒义,赞扬,出色/精美/优美,
精干,形容词,褒义,赞扬,精明/能干,
精华,名词,褒义,赞扬,精髓/精英,
精炼,形容词,褒义,赞扬,简洁/简练,
精美,形容词,褒义,赞扬,精良/精致,
精明强干,成语,褒义,赞扬,,
精辟,形容词,褒义,赞扬,精当/深刻/透辟,
精巧,形容词,褒义,赞扬,精细/精致/巧妙,
精益求精,成语,褒义,赞扬,,
精英,名词,褒义,赞扬,英才/英豪/英雄,
精湛,形容词,褒义,赞扬,精深,
精致,形容词,褒义,赞扬,精美/精巧,
井井有条,成语,褒义,赞扬,井然有序,
敬重,动词,褒义,尊敬,崇敬/恭敬/尊敬/尊重,
就义,动词,褒义,尊敬,捐躯/牺牲,
鞠躬尽瘁,成语,褒义,赞扬,呕心沥血/全心全意/忠心耿耿,
卷土重来,成语,贬义,憎恶,东山再起/死灰复燃,
俊俏,形容词,褒义,赞美,俊美/俊秀/俏丽,
开诚布公,成语,褒义,赞扬,开诚相见,
开诚相见,成语,褒义,赞扬,开诚布公/相见以诚,
开倒车,惯用语,贬义,贬责,,
开朗,形容词,褒义,喜悦/赞扬,爽朗,
开门红,惯用语,褒义,赞扬,,
开明,形容词,褒义,赞扬,开通,
开小差儿,惯用语,贬义,贬责/批评,,
楷模,名词,褒义,赞扬,标兵/典范,
凯旋,动词,褒义,赞扬,胜利,
侃侃而谈,成语,褒义,赞扬,,
看风使舵,成语,贬义,憎恶,见风使舵/看风转舵,
慷慨,形容词,褒义,赞扬,大方,
慷慨解囊,成语,褒义,赞扬,解囊相助,
苛捐杂税,成语,贬义,贬责,,
苛刻,形容词,贬义,贬责,尖刻/刻薄,
可爱,形容词,褒义,喜爱,动人,
可耻,形容词,贬义,憎恶,丢脸/羞耻,
可歌可泣,成语,褒义,赞扬,可歌可涕,
可贵,形容词,褒义,赞扬,宝贵/珍贵,
可靠,形容词,褒义,赞扬,,
可恶,形容词,贬义,憎恶,可憎/讨厌,
可喜,形容词,褒义,喜爱,,
克己奉公,成语,褒义,赞扬,大公无私/公而忘私/廉洁奉公,
克勤克俭,成语,褒义,赞扬,艰苦朴素/勤俭节约,
刻薄,形容词,贬义,憎恶,尖刻/苛刻,
刻毒,形容词,贬义,憎恶,尖刻/刻薄,
刻苦,形容词,褒义,赞扬,俭朴,
刻舟求剑,成语,贬义,批评,,
恳切,形容词,褒义,赞扬,诚恳/诚挚/殷切/真诚,
坑害,动词,贬义,憎恶,坑蒙/坑骗/陷害,
空洞,形容词,贬义,批评,空泛/贫乏,
空话,名词,贬义,批评,空论/空谈,
空想,名词/动词,贬义,批评,,
空虚,形容词,贬义,批评,空泛/虚空,
空中楼阁,成语,贬义,批评,海市蜃楼/镜花水月,
恐吓,动词,贬义,贬责,威胁/吓唬,
口蜜腹剑,成语,贬义,憎恶,口是心非/笑里藏刀,
口是心非,成语,贬义,贬责,口蜜腹剑/阳奉阴违,
扣帽子,惯用语,贬义,贬责,,
苦口婆心,成语,褒义,赞扬,语重心长,
夸大其词,成语,贬义,批评,过甚其辞/言过其实,
夸奖,动词,褒义,赞扬,称赞/夸赞/赞扬,
夸夸其谈,成语,贬义,批评,纸上谈兵,
夸耀,动词,贬义,憎恶,卖弄/炫耀,
快刀斩乱麻,惯用语,褒义,赞扬,大刀阔斧/当机立断,
快马加鞭,成语,褒义,赞扬,马不停蹄,
脍炙人口,成语,褒义,赞扬,喜闻乐见,
宽宏大量,成语,褒义,赞扬,豁达大度/宽宏大度,
宽容,动词,褒义,赞扬,宽让/宽恕,
诓骗,动词,贬义,贬责,欺骗,
狂妄,形容词,贬义,贬责,骄横/骄纵,
旷课,动词,贬义,批评,旷工,
窥伺,动词,贬义,贬责,,
魁梧,形容词,褒义,赞扬,魁伟,
傀儡,名词,贬义,鄙视,,
溃不成军,成语,贬义,鄙视,一败涂地,
困兽之斗,成语,贬义,鄙视,垂死挣扎/狗急跳墙,
扩张,动词,贬义,贬责,,
拉帮结派,成语,贬义,憎恶,结党营私/拉帮结伙,
拉关系,惯用语,贬义,贬责,拉交情/套近乎,
拉后腿,惯用语,贬义,批评,扯后腿/拖后腿,
拉拢,动词,贬义,贬责,笼络/收买,
拉山头儿,惯用语,贬义,贬责,拉帮结派,
拉下水,惯用语,贬义,贬责,,
邋遢,形容词,贬义,批评,肮脏/龌龊,
赖账,动词,贬义,批评,,
拦劫,动词,贬义,憎恶,抢劫,
谰言,名词,贬义,憎恶,流言/谬论/谣言,
懒惰,形容词,贬义,批评,怠惰/懒怠,
懒汉,名词,贬义,批评,懒虫/懒骨头,
懒散,形容词,贬义,批评,懒怠/懒洋洋,
烂摊子,惯用语,贬义,批评,,
滥用,动词,贬义,贬责,乱用,
滥竽充数,成语,贬义,憎恶,鱼目混珠,
狼狈,形容词,贬义,憎恶,尴尬/窘迫,
狼狈为奸,成语,贬义,憎恶,朋比为奸/同流合污,
狼心狗肺,成语,贬义,憎恶,狼子野心/蛇蝎心肠,
狼子野心,成语,贬义,憎恶,狼心狗肺,
浪费,动词,贬义,贬责,挥霍,
捞取,动词,贬义,贬责,,
捞一把,惯用语,贬义,贬责,,
劳苦功高,成语,褒义,赞扬,丰功伟绩,
劳民伤财,成语,贬义,贬责,,
牢不可破,成语,褒义,赞扬,颠扑不破/坚不可摧/牢不可拔,
牢靠,形容词,褒义,赞扬,牢固/结实/可靠/稳妥,
老巢,名词,贬义,憎恶,巢穴,
老当益壮,成语,褒义,赞扬,老而弥坚,
老调重弹,成语,贬义,批评,旧调重弹/老生常谈,
老狐狸,惯用语,贬义,憎恶,,
老皇历,惯用语,贬义,批评,老框框,
老黄牛,惯用语,褒义,赞扬,,
老奸巨猾,成语,贬义,憎恶,老谋深算,
老气横秋,成语,贬义,批评,,
老实,形容词,褒义,赞扬,诚实/忠厚/规矩,
老顽固,惯用语,贬义,批评,,
勒索,动词,贬义,贬责,讹诈/敲诈/敲竹杠,
雷厉风行,成语,褒义,赞扬,,
雷同,动词,贬义,批评,,
冷冰冰,形容词,贬义,批评,冷淡,
冷箭,名词,贬义,贬责,冷枪,
冷酷,形容词,贬义,贬责,冷淡/冷漠,
冷言冷语,成语,贬义,贬责,冷嘲热讽,
离心离德,成语,贬义,批评,,
里通外国,成语,贬义,憎恶,吃里扒外,
理屈词穷,成语,贬义,批评,,
理想,名词/形容词,褒义,赞扬,抱负,
理直气壮,成语,褒义,赞扬,义正词严,
力挽狂澜,成语,褒义,赞扬,,
力争上游,成语,褒义,赞扬,自强不息,
励精图治,成语,褒义,赞扬,奋发图强/励精求治,
利令智昏,成语,贬义,贬责,财迷心窍/见利忘义/利欲熏心,
利落,形容词,褒义,赞扬,敏捷/灵活,
利欲熏心,成语,贬义,憎恶,财迷心窍/利令智昏,
廉洁,形容词,褒义,赞扬,廉明/清廉,
良好,形容词,褒义,赞扬,优良,
良师益友,成语,褒义,赞扬,良朋益友,
两面光,惯用语,贬义,批评,八面光/八面玲珑,
两面派,惯用语,贬义,憎恶,,
两面三刀,成语,贬义,憎恶,口是心非/阳奉阴违,
两袖清风,成语,褒义,赞扬,,
量力而行,成语,褒义,赞扬,量体裁衣,
了不起,惯用语,褒义,赞扬,,
撂挑子,惯用语,贬义,批评,撂担子/聊耙子,
劣迹,名词,贬义,贬责,,
猎取,动词,贬义,贬责,牟取,
烈士,名词,褒义,敬重,先烈,
临渴掘井,成语,贬义,批评,临阵磨枪,
临危不惧,成语,褒义,赞扬,无所畏惧,
临渊羡鱼,成语,贬义,批评,临河羡鱼,
临阵脱逃,成语,贬义,贬责,,
吝啬,形容词,贬义,批评,小气/悭吝,
伶俐,形容词,褒义,喜爱,聪明/机灵/灵活,
玲珑剔透,成语,褒义,赞扬,,
灵活,形容词,褒义,赞扬,灵便/敏捷/机灵,
灵敏,形容词,褒义,赞扬,灵便/灵活/敏捷/敏锐,
灵巧,形容词,褒义,喜爱,灵便/灵活,
令人发指,成语,贬义,贬责,,
令行禁止,成语,褒义,赞扬,令出法随,
溜须拍马,成语,贬义,憎恶,趋炎附势,
流窜,动词,贬义,贬责,,
流毒,名词/动词,贬义,贬责,毒害,
流芳百世,成语,褒义,赞扬,流芳千古/万古流芳,
流利,形容词,褒义,赞扬,流畅/通畅,
流氓,名词,贬义,憎恶,,
流言蜚语,成语,贬义,憎恶,飞短流长,
隆重,形容词,褒义,赞扬,盛大/庄重,
笼络,动词,贬义,憎恶,拉拢,
炉火纯青,成语,褒义,赞扬,十全十美/完美无缺,
鲁莽,形容词,贬义,批评,草率/粗鲁/莽撞/冒失/轻率,
戮力同心,成语,褒义,赞扬,齐心合力,
屡教不改,成语,贬义,贬责,,
乱七八糟,成语,贬义,批评,杂乱无章,
乱弹琴,惯用语,贬义,批评,,
乱套,动词,贬义,批评,,
掠夺,动词,贬义,贬责,掠取/抢夺,
论调,名词,贬义,批评,,
啰嗦,形容词,贬义,批评,烦琐/麻烦/琐碎,
落后,形容词,贬义,批评,落伍,
落花流水,成语,贬义,批评,,
落井下石,成语,贬义,贬责,趁火打劫/乘人之危,
落落大方,成语,褒义,赞扬,,
麻痹大意,成语,贬义,批评,,
麻木不仁,成语,贬义,贬责,,
马大哈,惯用语,贬义,批评,,
马到成功,成语,褒义,赞扬,旗开得胜,
马蜂窝,惯用语,贬义,贬责,,
马后炮,惯用语,贬义,批评,,
马虎,形容词,贬义,批评,草率/粗心,
埋头苦干,成语,褒义,赞扬,任劳任怨,
卖狗皮膏药,惯用语,贬义,贬责,,
卖官鬻爵,成语,贬义,贬责,,
卖国,动词,贬义,憎恶,叛国,
卖弄,动词,贬义,贬责,炫耀,
蛮横,形容词,贬义,贬责,霸道/强横/专横,
瞒上欺下,成语,贬义,贬责,欺上瞒下,
瞒天过海,成语,贬义,贬责,,
满城风雨,成语,贬义,批评,,
谩骂,动词,贬义,贬责,漫骂/咒骂,
盲从,动词,贬义,批评,盲目,
盲动,动词,贬义,批评,,
盲目,形容词,贬义,批评,盲从,
盲人摸象,成语,贬义,批评,,
盲人瞎马,成语,贬义,批评,,
毛病,名词,贬义,批评,弊病/缺点,
茂盛,形容词,褒义,赞扬,繁茂/旺盛,
冒充,动词,贬义,贬责,假冒,
冒牌,动词,贬义,贬责,假冒,
冒失,形容词,贬义,批评,鲁莽/莽撞,
貌合神离,成语,贬义,批评,离心离德/同床异梦,
眉清目秀,成语,褒义,赞扬,明眸皓齿,
每况愈下,成语,贬义,批评,江河日下,
美不胜收,成语,褒义,赞扬,,
美观,形容词,褒义,赞扬,漂亮/美丽,
美好,形容词,褒义,赞扬,美满/美妙,
美化,动词,褒义,赞扬,,
美化,动词,贬义,憎恶,,
美丽,形容词,褒义,赞扬,漂亮/绚丽/高尚/美好,
美满,形容词,褒义,赞扬,美妙/圆满,
美妙,形容词,褒义,赞扬,美好,
蒙蔽,动词,贬义,贬责,蒙混/蒙哄/欺骗,
蒙混,动词,贬义,贬责,蒙蔽/蒙哄/欺骗,
勉励,动词,褒义,赞扬,鼓励/激励,
缅怀,动词,褒义,敬重,怀念/追念,
苗条,形容词,褒义,赞扬,,
敏捷,形容词,褒义,赞扬,灵敏/麻利/敏锐,
敏锐,形容词,褒义,赞扬,灵敏/敏捷,
名垂青史,成语,褒义,赞扬,名垂千古,
名列前茅,成语,褒义,赞扬,首屈一指,
名正言顺,成语,褒义,赞扬,理直气壮,
明察秋毫,成语,褒义,赞扬,,
明火执仗,成语,贬义,憎恶,明目张胆,
明媚,形容词,褒义,喜爱,明丽,
明目张胆,成语,贬义,贬责,明火执仗/肆无忌惮,
明枪暗箭,成语,贬义,憎恶,,
明争暗斗,成语,贬义,贬责,尔虞我诈/勾心斗角,
明知故犯,成语,贬义,贬责,知法犯法,
铭记,动词,褒义,敬重,牢记/铭刻,
谬论,名词,贬义,贬责,谰言,
模范,名词/形容词,褒义,赞扬,榜样/楷模/标兵/表率,
抹杀,动词,贬义,贬责,扼杀,
漠不关心,成语,贬义,批评,不闻不问/黯然置之,
漠然置之,成语,贬义,批评,漠不关心,
墨守成规,成语,贬义,批评,固步自封/一成不变/因循守旧,
牟取,动词,贬义,贬责,谋取/攫取,
谋害,动词,贬义,憎恶,谋杀,
目光短浅,成语,贬义,批评,目光如豆,
目光炯炯,成语,褒义,赞扬,,
目空一切,成语,贬义,贬责,目中无人,
目中无人,成语,贬义,贬责,目空一切/惟我独尊,
耐心,形容词/名词,褒义,赞扬,,
南辕北辙,成语,贬义,批评,背道而驰,
难能可贵,成语,褒义,赞扬,,
内幕,名词,贬义,批评,,
能干,形容词,褒义,赞扬,干练,
能手,名词,褒义,赞扬,高手/好手,
溺爱,动词,贬义,批评,宠爱/偏爱,
拈轻怕重,成语,贬义,批评,避重就轻,
年富力强,成语,褒义,喜爱,年轻力壮,
年轻力壮,成语,褒义,喜爱,身强力壮,
捏造,动词,贬义,贬责,假造/伪造,
狞笑,动词,贬义,憎恶,奸笑,
宁死不屈,成语,褒义,赞扬,坚贞不屈/宁折不弯,
弄虚作假,成语,贬义,批评,,
奴颜婢膝,成语,贬义,憎恶,卑躬屈膝/奴颜媚骨,
虐待,动词,贬义,贬责,凌虐/虐害,
挪用,动词,贬义,贬责,挪占,
懦夫,名词,贬义,批评,,
懦弱,形容词,贬义,批评,脆弱/软弱,
讴歌,动词,褒义,赞扬,称颂/歌颂/赞颂/赞扬,
呕心沥血,成语,褒义,赞扬,殚精竭虑,
扒窃,动词,贬义,憎恶,偷窃,
扒手,名词,贬义,憎恶,小偷/三只手,
拍案叫绝,成语,褒义,赞扬,交口称赞/拍手叫好/赞不绝口,
拍马屁,惯用语,贬义,憎恶,谄媚奉承/逢迎拍马/溜须拍马/吹吹拍拍,
拍手称快,成语,褒义,喜爱,大快人心/额手称庆/皆大欢喜/拍手叫好,
排挤,动词,贬义,贬责,排斥,
排山倒海,成语,褒义,赞扬,摧枯拉朽/翻天覆地/风卷残云/雷霆万钧/势不可挡,
排头兵,惯用语,褒义,赞扬,带头人,
派性,名词,贬义,批评,宗派主义,
攀登高峰,成语,褒义,赞扬,力争上游/激流勇进,
攀附,动词,贬义,贬责,巴结,
攀高枝儿,惯用语,贬义,憎恶,攀龙附凤,
攀龙附凤,成语,贬义,贬责,攀高枝儿,
盘剥,动词,贬义,憎恶,剥削,
盘踞,动词,贬义,憎恶,霸占/强占,
叛国,动词,贬义,憎恶,卖国,
叛徒,名词,贬义,憎恶,汉奸/卖国贼,
磅礴,形容词,褒义,赞扬,宏伟/雄伟,
庞大,形容词,贬义,贬责,臃肿,
庞然大物,成语,贬义,憎恶,大而无当,
抛头露面,成语,贬义,贬责,出风头/出头露面,
炮制,动词,贬义,贬责,捏造/胡编/瞎编,
泡病号,惯用语,贬义,贬责,,
泡蘑菇,惯用语,贬义,憎恶,磨洋工,
炮灰,名词,贬义,贬责,,
培养,动词,褒义,喜爱,,
佩服,动词,褒义,敬重,敬佩/钦佩/信服/悦服,
蓬勃,形容词,褒义,赞扬,繁荣/旺盛/兴旺,
蓬头垢面,成语,贬义,贬责,蓬首垢面,
朋比为奸,成语,贬义,憎恶,沆瀣一气/狼狈为奸/同流合污,
朋党,名词,贬义,贬责,党羽/死党,
鹏程万里,成语,褒义,喜爱/赞扬,前程远大,
披肝沥胆,成语,褒义,敬重/赞扬,披露肝胆,
披荆斩棘,成语,褒义,赞扬,开山辟路/勇往直前,
皮笑肉不笑,成语,贬义,厌恶,口蜜腹剑/口是心非,
痞子,名词,贬义,憎恶,地痞/流氓,
屁话,名词,贬义,厌恶,鬼话/胡话/浑话/瞎话,
偏激,形容词,贬义,批评,过火/过激/激烈,
偏见,名词,贬义,批评,成见,
偏袒,动词,贬义,批评,偏向/偏心/袒护,
偏心,形容词,贬义,批评,偏心眼儿,
偏执,形容词,贬义,批评,固执/顽固/执拗,
翩翩,形容词,褒义,喜爱/赞扬,翩然/翩迁,
片面,形容词,贬义,批评,挂漏/管窥,
骗局,名词,贬义,贬责,诡计/圈套,
骗取,动词,贬义,贬责,坑骗/诓骗/哄骗/蒙骗/欺骗/诈骗,
骗子,名词,贬义,憎恶,,
剽窃,动词,贬义,贬责,抄袭/窃取/偷窃,
漂亮,形容词,褒义,赞扬,美丽/好看/出色/精彩,
拼搏,动词,褒义,赞扬,奋斗,
贫骨头,名词,贬义,贬责/批评,吝啬/小气鬼/长舌妇,
贫气,形容词,贬义,贬责/批评,寒酸/俗气/唠叨/啰嗦/絮叨,
贫嘴,动词,贬义,贬责,贫骨头,
贫嘴薄舌,成语,贬义,批评,尖酸刻薄/尖嘴薄舌/贫嘴贱舌,
品学兼优,成语,褒义,赞扬,德才兼备/文武双全,
平易近人,成语,褒义,赞扬,和蔼可亲/浅显易懂,
评头论足,成语,贬义,批评,品头论足/说长道短,
泼冷水,惯用语,贬义,批评,,
婆婆妈妈,惯用语,贬义,批评,唠唠叨叨/絮絮叨叨/啰里啰嗦,
迫害,动词,贬义,憎恶,暗害/残害/坑害/伤害/陷害,
破罐儿破摔,惯用语,贬义,贬责,放任自流/一蹶不振,
破口大骂,成语,贬义,憎恶,出口不逊/血口喷人,
破绽百出,成语,贬义,贬责,漏洞百出,
魄力,名词,褒义,赞扬,气魄/威力,
朴实,形容词,褒义,赞扬,质朴/朴质,
朴素,形容词,褒义,喜爱/赞扬,素净/俭朴/简朴,
欺负,动词,贬义,贬责,欺侮/欺凌,
欺骗,动词,贬义,贬责,欺哄/欺瞒/欺蒙/欺诈,
欺人太甚,成语,贬义,贬责,狗仗人势/仗势欺人,
欺软怕硬,成语,贬义,批评,厚此薄彼/畏强凌弱/重富欺贫,
欺压,动词,贬义,贬责,欺凌/欺侮/压迫/,
欺诈,动词,贬义,贬责,诈骗,
旗号,名词,贬义,贬责,幌子,
旗手,名词,褒义,敬重,榜样/标兵/带头人,
旗帜,名词,褒义,赞扬,榜样/模范,
奇兵,名词,褒义,赞扬,神兵,
奇才,名词,褒义,赞扬,才能/天才,
奇功,名词,褒义,赞扬,功劳/功勋,
奇货可居,成语,贬义,贬责,囤积居奇,
奇迹,名词,褒义,赞扬,奇观,
奇妙,形容词,褒义,喜爱,美妙/巧妙,
奇葩,名词,褒义,赞扬,鲜花/香花,
奇巧,形容词,褒义,赞扬,奇妙/巧妙/新奇/新颖,
奇志,名词,褒义,赞扬,抱负/理想,
歧途,名词,贬义,批评,邪路,
启示,名词/动词,褒义,敬重/赞扬,启发/启迪,
杞人忧天,成语,贬义,批评,庸人自扰/自寻烦恼,
气昂昂,形容词,褒义,赞扬,斗志昂扬/雄赳赳,
气概,名词,褒义,赞扬,气魄,
气贯长虹,成语,褒义,赞扬,气冲霄汉/气势磅礴/气吞山河/气吞霄汉,
气急败坏,成语,贬义,鄙视,暴跳如雷/恼羞成怒,
气节,名词,褒义,赞扬,节操,
气魄,名词,褒义,赞扬,魄力,
气势汹汹,成语,贬义,憎恶,来势汹汹,
气象万千,成语,褒义,赞扬,千姿百态/万象更新/云蒸霞蔚,
气焰,名词,贬义,憎恶,凶焰/凶气,
气壮山河,成语,褒义,赞扬,气贯长虹/气势磅礴/气吞山河/气吞霄汉,
千锤百炼,成语,褒义,赞扬,百炼成钢/精雕细刻/精益求精/字斟句酌,
千篇一律,成语,贬义,批评,千人一面,
千秋,名词,褒义,敬重,千载/万代,
迁就,动词,贬义,批评,姑息,
谦恭,形容词,褒义,赞扬,恭谨/谦逊,
谦和,形容词,褒义,赞扬,和蔼/谦逊/温和,
谦让,动词,褒义,赞扬,宽让/礼让/推让,
谦虚,形容词/动词,褒义,赞扬,谦逊/虚心,
前程似锦,成语,褒义,赞扬,前程光明/前程远大,
前赴后继,成语,褒义,赞扬,前仆后继,
前仆后继,成语,褒义,赞扬,前赴后继,
前驱,名词,褒义,敬重,前贤/先驱,
浅薄,形容词,贬义,鄙视,轻浮/微薄,
浅显,形容词,褒义,赞扬,浅近/浅易,
强暴,形容词/名词/动词,贬义,憎恶,强横/凶暴/恶霸/奸淫/强奸,
强盗,名词,贬义,憎恶,土匪/强梁,
强横,形容词,贬义,贬责,蛮横/强暴,
强加,动词,贬义,贬责,,
强健,形容词,褒义,赞扬,健康/健壮/强壮,
强劲,形容词,褒义,赞扬,强大/有力,
强盛,形容词,褒义,赞扬,昌盛/富强/强大/兴盛/兴旺,
强壮,形容词,褒义,喜爱,健壮/强健/壮实,
抢夺,动词,贬义,贬责,抢劫/抢掠,
抢劫,动词,贬义,憎恶,抢夺/掠夺/抢掠,
强辩,动词,贬义,贬责,诡辩,
强词夺理,成语,贬义,贬责,蛮横/无理,
敲诈,动词,贬义,憎恶,勒索,
敲竹杠,惯用语,贬义,贬责,敲棍子/敲杠子,
巧夺天工,成语,褒义,赞扬,鬼斧神工/玲珑剔透,
巧立名目,成语,贬义,贬责,弄虚作假/欺上瞒下/歪门邪道,
翘尾巴,惯用语,贬义,贬责,骄傲自大/夜郎自大/自命不凡,
窃据,动词,贬义,憎恶,窃取,
窃取,动词,贬义,憎恶,偷取/剽窃,
亲切,形容词,褒义,喜爱,和善/亲和/亲善/温和,
钦佩,动词,褒义,敬重,佩服/敬佩/赞佩,
侵犯,动词,贬义,贬责,损害/触犯/侵略/侵入/侵占,
侵略,动词,贬义,贬责,侵犯/侵入,
侵权,动词,贬义,贬责,,
侵吞,动词,贬义,贬责,侵占,
侵占,动词,贬义,贬责,侵吞/强占,
勤奋,形容词,褒义,赞扬,发愤/勤劳,
勤俭,形容词,褒义,赞扬,节俭/勤劳,
勤恳,形容词,褒义,赞扬,勤劳/勤奋,
勤劳,形容词,褒义,赞扬,勤奋/勤恳/勤快/辛勤,
青春,名词,褒义,喜爱,韶光/韶华,
清白,形容词,褒义,赞扬,纯洁/纯净,
清官,名词,褒义,赞扬,廉吏,
清规戒律,成语,贬义,贬责,陈规陋习,
清朗,形容词,褒义,喜爱,清澈/清亮,
清廉,形容词,褒义,赞扬,廉洁/廉明,
清爽,形容词,褒义,喜爱,凉爽/轻快,
清香,名词,褒义,喜爱,馨香/清馨,
清新,形容词,褒义,喜爱,清爽/新鲜/新颖,
清秀,形容词,褒义,喜爱,秀丽/秀美,
轻浮,形容词,贬义,贬责,轻狂/轻佻,
轻捷,形容词,褒义,喜爱,敏捷/轻快/轻盈,
轻举妄动,成语,贬义,贬责,恣意妄为/胡作非为/随心所欲,
轻快,形容词,褒义,喜爱,轻捷/轻巧/轻松/轻盈/愉快,
轻巧,形容词,褒义,喜爱,精巧/灵巧/轻捷,
轻视,动词,贬义,贬责,忽视/看轻/漠视/小看,
轻率,形容词,贬义,贬责,草率/随便,
轻盈,形容词,褒义,喜爱,轻捷/轻快/轻柔,
穷途末路,成语,贬义,鄙视,山穷水尽/走投无路,
穷凶极恶,成语,贬义,憎恶,无恶不作/丧尽天良/罪恶滔天,
秋后的蚂蚱,惯用语,贬义,鄙视,秋后的蚊子,
求全责备,成语,贬义,批评,吹毛求疵,
圈套,名词,贬义,鄙视,骗局/陷阱,
全才,名词,褒义,赞扬,多面手,
全心全意,成语,褒义,赞扬,真心实意/尽心尽力,
权术,名词,贬义,憎恶,伎俩,
权威,名词,褒义,敬重,,
拳头产品,名词,褒义,赞扬,,
缺德,形容词,贬义,贬责,损人/刻薄,
缺点,名词,贬义,批评,错误/毛病/欠缺,
扰乱,动词,贬义,贬责,干扰/搅扰/骚扰,
惹是生非,成语,贬义,憎恶,无事生非,
热爱,动词,褒义,赞扬,爱好/酷爱,
热忱,形容词/名词,褒义,赞扬,热诚/热情,
热诚,形容词/名词,褒义,赞扬,热忱/真诚/热情,
热火朝天,成语,褒义,赞扬,轰轰烈烈,
热烈,形容词,褒义,赞扬,,
热情,名词/形容词,褒义,赞扬,热忱/热诚,
人才,名词,褒义,赞扬,,
人才辈出,成语,褒义,赞扬,人才济济,
人贩子,名词,贬义,憎恶,,
人浮于事,成语,贬义,批评,,
人尽其才,成语,褒义,赞扬,,
人面兽心,成语,贬义,憎恶,衣冠禽兽,
人寿年丰,成语,褒义,赞扬,,
人梯,名词,褒义,赞扬,,
人云亦云,成语,贬义,批评,随声附和,
仁慈,形容词,褒义,赞扬,慈爱/慈善/仁爱/善良,
仁至义尽,成语,褒义,赞扬,情至义尽,
忍辱负重,成语,褒义,赞扬,,
认贼作父,成语,贬义,憎恶,,
任劳任怨,成语,褒义,赞扬,不辞劳苦/不辞辛劳/埋头苦干,
任人唯亲,成语,贬义,批评,,
任人唯贤,成语,褒义,赞扬,任贤授能,
任性,形容词,贬义,批评,恣意,
日理万机,成语,褒义,赞扬,,
日暮途穷,成语,贬义,鄙视,山穷水尽,
日新月异,成语,褒义,赞扬,突飞猛进/一日千里,
荣幸,形容词,褒义,喜爱,光荣,
荣誉,名词,褒义,赞扬,,
容光焕发,成语,褒义,赞扬,神采奕奕,
融会贯通,成语,褒义,赞扬,,
蹂躏,动词,贬义,贬责,摧残/践踏,
如花似锦,成语,褒义,赞扬,,
如狼似虎,成语,贬义,憎恶,,
如鸟兽散,成语,贬义,憎恶,,
如日中天,成语,褒义,赞扬,如日方升,
孺子牛,惯用语,褒义,赞扬,,
辱骂,动词,贬义,贬责,诟骂/谩骂,
软刀子,惯用语,贬义,贬责,,
软骨头,惯用语,贬义,憎恶,,
软硬兼施,成语,贬义,贬责,,
撒谎,动词,贬义,贬责,扯谎/说谎,
撒赖,动词,贬义,批评,耍赖,
撒野,动词,贬义,贬责,放肆/撒泼,
三心二意,成语,贬义,批评,心不在焉,
散漫,形容词,贬义,批评,涣散,
散布,动词,贬义,贬责,,
丧家之犬,成语,贬义,憎恶,,
丧尽天良,成语,贬义,憎恶,丧心病狂,
丧权辱国,成语,贬义,憎恶,,
丧心病狂,成语,贬义,憎恶,丧尽天良,
色厉内荏,成语,贬义,憎恶,外强中干,
煞风景,惯用语,贬义,批评,杀风景,
杀害,动词,贬义,憎恶,暗杀/谋杀/杀戮,
杀鸡取卵,成语,贬义,批评,,
杀戮,动词,贬义,憎恶,残杀/杀害/屠戮/屠杀,
杀气腾腾,成语,贬义,憎恶,,
杀人不见血,惯用语,贬义,憎恶,,
杀人不眨眼,惯用语,贬义,憎恶,,
煽动,动词,贬义,贬责,唆使/挑动,
煽风点火,成语,贬义,贬责,,
善良,形容词,褒义,赞扬,和善/仁慈,
善始善终,成语,褒义,赞扬,有始有终,
擅自,副词,贬义,批评,,
伤风败俗,成语,贬义,贬责,,
伤害,动词,贬义,贬责,,
伤天害理,成语,贬义,憎恶,丧尽天良,
上蹿下跳,成语,贬义,贬责,跳梁小丑,
奢侈,形容词,贬义,批评,浪费/奢华/奢靡,
舍本逐末,成语,贬义,批评,本末倒置/舍本求末,
舍己为人,成语,褒义,赞扬,奋不顾身/舍己救人/舍生忘死,
舍近求远,成语,贬义,批评,,
舍生取义,成语,褒义,赞扬,杀身成仁,
舍生忘死,成语,褒义,赞扬,奋不顾身,
伸手,动词,贬义,批评/贬责,索要/插手,
身败名裂,成语,贬义,憎恶,,
身体力行,成语,褒义,赞扬,身先士卒/以身作则,
身先士卒,成语,褒义,赞扬,以身作则,
神采奕奕,成语,褒义,赞扬,容光焕发/神采飞扬,
神气活现,成语,贬义,批评,,
神圣,形容词,褒义,敬重,崇高/庄严,
生搬硬套,成语,贬义,批评,生吞活剥,
生灵涂炭,成语,贬义,贬责,,
生龙活虎,成语,褒义,赞扬,龙腾虎跃,
生气勃勃,成语,褒义,赞扬,生机勃勃,
声名狼藉,成语,贬义,憎恶,,
胜利,动词/名词,褒义,喜悦,成功,
盛名,名词,褒义,赞扬,名望/声望,
盛气凌人,成语,贬义,贬责,趾高气扬,
失败,动词,贬义,批评,,
失宠,动词,贬义,厌恶,,
失职,动词,贬义,批评,渎职,
实事求是,成语,褒义,赞扬,,
十全十美,成语,褒义,赞扬,完美无缺,
拾金不昧,成语,褒义,赞扬,,
拾人牙慧,成语,贬义,批评,拾人涕唾,
食古不化,成语,贬义,批评,,
世故,形容词,贬义,批评,圆滑,
世态炎凉,成语,贬义,贬责,,
事半功倍,成语,褒义,赞扬,,
事端,名词,贬义,贬责,纠纷/事故,
事故,名词,贬义,批评,事端,
事迹,名词,褒义,赞扬,业绩,
势利,形容词,贬义,憎恶,,
势如破竹,成语,褒义,赞扬,锐不可当/势不可挡,
视而不见,成语,贬义,批评,视若无睹,
视死如归,成语,褒义,赞扬,,
恃才傲物,成语,贬义,批评,,
恃强凌弱,成语,贬义,贬责,,
嗜杀成性,成语,贬义,憎恶,,
收买,动词,贬义,贬责,贿赂/拉拢/笼络,
手段,名词,贬义,贬责,权术/手腕,
守株待兔,成语,贬义,批评,,
首屈一指,成语,褒义,赞扬,,
熟视无睹,成语,贬义,批评,视若无睹/视而不见,
鼠目寸光,成语,贬义,批评,目光短浅/目光如豆,
束缚,动词,贬义,批评,,
束手待毙,成语,贬义,批评,束手就擒,
束手无策,成语,贬义,批评,,
束之高阁,成语,贬义,批评,,
耍花腔,惯用语,贬义,批评,,
耍花招,惯用语,贬义,贬责,耍花枪/耍花样,
耍滑头,惯用语,贬义,批评,耍滑/耍奸,
耍赖,动词,贬义,批评,耍无赖/耍赖皮,
耍流氓,惯用语,贬义,贬责,,
耍威风,惯用语,贬义,批评,,
耍嘴皮子,惯用语,贬义,贬责,,
衰败,动词,贬义,批评,败落/没落/衰落,
死板,形容词,贬义,批评,呆板,
死灰复燃,成语,贬义,憎恶,卷土重来,
死皮赖脸,成语,贬义,批评,死乞白赖,
死气沉沉,成语,贬义,批评,,
死有余辜,成语,贬义,憎恶,,
四分五裂,成语,贬义,批评,分崩离析/土崩瓦解,
肆虐,动词,贬义,憎恶,,
肆无忌惮,成语,贬义,贬责,为所欲为/无法无天,
肆意,副词,贬义,贬责,,
怂恿,动词,贬义,贬责,煽动/唆使,
耸人听闻,成语,贬义,贬责,骇人听闻,
颂扬,动词,褒义,赞扬,歌颂/赞扬,
虽死犹生,成语,褒义,赞扬,虽死犹荣,
随波逐流,成语,贬义,批评,,
随声附和,成语,贬义,批评,人云亦云,
随心所欲,成语,贬义,贬责,,
损公肥私,成语,贬义,贬责,损人利己,
损害,动词,贬义,批评,伤害/危害,
损人利己,成语,贬义,贬责,损公肥私,
损失,动词/名词,贬义,批评,丧失/损耗/丢失,
唆使,动词,贬义,贬责,煽动/怂恿/挑唆,
缩手缩脚,成语,贬义,批评,,
所向披靡,成语,褒义,赞扬,所向无敌,
泰斗,名词,褒义,敬重,楷模/权威,
贪得无厌,成语,贬义,鄙视,得寸进尺/得陇望蜀/贪心不足/欲壑难填,
贪官,名词,贬义,贬责,污吏/赃官,
贪婪,形容词,贬义,鄙视,贪心,
贪污,动词,贬义,贬责,侵占/侵吞/中饱,
贪赃枉法,成语,贬义,贬责,贪污受贿/营私舞弊,
坦白,形容词,褒义,赞扬,坦诚/坦荡/坦率,
坦诚,形容词,褒义,赞扬,坦白/坦率,
坦荡,形容词,褒义,赞扬,坦白/豪爽/磊落,
坦率,形容词,褒义,喜爱,坦白/坦诚/爽快/直率/直爽,
袒护,动词,贬义,贬责,包庇/庇护/偏袒,
叹服,动词,褒义,敬重,称道/称赞/佩服/赞叹/折服,
叹为观止,成语,褒义,赞扬,登峰造极/空前绝后/有口皆碑,
堂堂,形容词,褒义,喜爱/赞扬,大方/端正/庄重,
堂堂正正,形容词,褒义,喜爱/赞扬,光明正大/大大方方/端端正正/仪表堂堂,
螳臂当车,成语,贬义,鄙视,蚍蜉撼树/自不量力,
滔天,形容词,贬义,憎恶,,
逃窜,动词,贬义,鄙视,流窜/乱窜/逃跑/逃走,
桃李满天下,成语,褒义,赞扬,桃李遍天下,
陶冶,动词,褒义,赞扬,培养/熏陶,
讨好,动词,贬义,贬责,阿谀/巴结/奉承,
腾飞,动词,褒义,赞扬,,
体贴入微,成语,褒义,赞扬,关怀备至/无微不至,
天才,名词,褒义,赞扬,全才/人才/英才,
天伦之乐,成语,褒义,喜爱,,
天马行空,成语,褒义,赞扬,挥洒自如/龙飞凤舞,
天下无双,成语,褒义,赞扬,天下第一/天字一号,
天仙,名词,褒义,喜爱,天使,
天香国色,成语,褒义,赞扬,天姿国色,
天真烂漫,成语,褒义,喜爱,活泼可爱/天真无邪,
天姿国色,成语,褒义,赞扬,国色天香/倾国倾城,
甜美,形容词,褒义,喜爱,美好/甜蜜,
甜蜜,形容词,褒义,喜爱,美好/甜美,
甜言蜜语,成语,贬义,贬责,花言巧语/口蜜腹剑,
恬不知耻,成语,贬义,憎恶,大言不惭/厚颜无耻,
挑刺儿,惯用语,贬义,批评,挑眼,
挑肥拣瘦,成语,贬义,批评,拈轻怕重/挑三拣四,
挑剔,动词,贬义,贬责,苛求/挑刺儿/挑眼,
调三窝四,成语,贬义,贬责,挑拨离间/挑拨是非/调嘴弄舌,
条条框框,成语,贬义,贬责,繁文缛节,
挑拨,动词,贬义,贬责,调唆/挑唆,
挑大梁,惯用语,褒义,赞扬,挑正梁/挑重担,
挑唆,动词,贬义,批评,离间/挑拨/挑动/调唆,
挑衅,动词,贬义,憎恶,挑动/挑战/寻衅,
铁公鸡,惯用语,贬义,贬责,吝啬鬼/小气鬼,
铁面无私,成语,褒义,赞扬,大公无私/公正无私,
亭亭玉立,成语,褒义,喜爱,婀娜多姿/袅袅婷婷,
挺拔,形容词,褒义,赞扬,挺立/苍劲/有力,
挺进,动词,褒义,赞扬,奋进/猛进/突进,
挺立,动词,褒义,赞扬,耸立/屹立,
挺身而出,成语,褒义,赞扬,冲锋陷阵/自告奋勇,
通情达理,成语,褒义,赞扬,合情合理/入情入理,
同仇敌忾,成语,褒义,赞扬,戮力同心/同甘共苦/同心协力/同心同德,
同流合污,成语,贬义,贬责,沆瀣一气/狼狈为奸/同恶相济,
同心同德,成语,褒义,赞扬,戮力同心/同甘共苦/同心协力/同舟共济,
偷鸡摸狗,成语,贬义,憎恶,小偷小摸,
偷偷摸摸,形容词,贬义,贬责,鬼鬼祟祟,
投机,动词,贬义,贬责,投合/迎合,
投身,动词,褒义,赞扬,献身,
透彻,形容词,褒义,赞扬,深刻/深入/透辟,
透顶,副词,贬义,贬责,至极,
突飞猛进,成语,褒义,赞扬,高歌猛进/一日千里,
屠杀,动词,贬义,憎恶,杀害/屠戮,
图财害命,成语,贬义,憎恶,谋财害命/伤天害理,
团结,动词/形容词,褒义,赞扬,联合/和睦/友好,
推陈出新,成语,褒义,赞扬,除旧布新/吐故纳新/新陈代谢,
推崇,动词,褒义,敬重,推许/推重,
推戴,动词,褒义,敬重,拥戴/拥护,
推心置腹,成语,褒义,喜爱,开诚布公/推诚相见,
颓废,形容词,贬义,批评,颓唐/颓丧/萎靡,
颓丧,形容词,贬义,批评,颓废/颓唐/萎靡,
颓唐,形容词,贬义,贬责,颓废/颓丧/萎靡,
拖后腿,惯用语,贬义,批评,拉后腿,
拖泥带水,成语,贬义,批评,牵丝攀藤/拖拖拉拉,
拖沓,形容词,贬义,批评,疲沓/拖拉,
挖空心思,成语,贬义,贬责,费尽心机/机关算尽/煞费苦心,
歪缠,动词,贬义,贬责,纠缠,
歪门邪道,成语,贬义,贬责,歪门外道,
歪曲,动词,贬义,贬责,曲解/诬蔑,
外强中干,成语,贬义,憎恶,色厉内荏/羊质虎皮,
完美,形容词,褒义,赞扬,美好/完善,
玩忽,动词,贬义,贬责,渎职/忽视/无视,
玩火自焚,成语,贬义,贬责,自掘坟墓/自取灭亡/自食其果/自作自受,
玩弄,动词,贬义,贬责,耍弄/戏弄/卖弄,
顽固,形容词,贬义,批评,保守/固执/守旧/执拗,
顽抗,动词,贬义,贬责,抗拒,
顽强,形容词,褒义,赞扬,刚强/坚强,
万恶,形容词,贬义,憎恶,歹恶/罪恶,
万古长青,成语,褒义,赞扬,千秋永存/万古长存,
万马齐喑,成语,贬义,贬责,,
万众一心,成语,褒义,赞扬,同心同德/同心协力,
亡命之徒,成语,贬义,憎恶,,
网罗,动词,贬义,贬责,收罗/搜罗,
妄图,动词,贬义,贬责,妄想,
妄想,动词/名词,贬义,憎恶,空想/妄图,
妄自菲薄,成语,贬义,批评,自惭形秽/自轻自贱,
妄自尊大,成语,贬义,贬责,狂妄自大,
忘恩负义,成语,贬义,憎恶,恩将仇报/以怨报德,
忘我,形容词,褒义,赞扬,无私,
旺盛,形容词,褒义,喜爱,茂盛/蓬勃/兴盛/兴旺,
危害,动词,贬义,贬责,伤害/损害,
威逼,动词,贬义,憎恶,威迫/威胁,
威风凛凛,成语,褒义,赞扬,英姿勃勃,
威望,名词,褒义,敬重,名望/声望/声誉/威信,
威武,形容词,褒义,赞扬,雄壮,
威信,名词,褒义,敬重,声威/威望/信誉,
威严,形容词,褒义,敬重,严肃/庄严,
巍峨,形容词,褒义,赞扬,崔嵬/巍然/巍巍,
巍然,形容词,褒义,赞扬,巍峨/巍巍,
巍巍,形容词,褒义,赞扬,巍峨/巍然,
为非作歹,成语,贬义,贬责,胡作非为/为所欲为,
为所欲为,成语,贬义,贬责,胡作非为/随心所欲/为非作歹/无所不为,
唯利是图,成语,贬义,贬责,自私自利,
唯我独尊,成语,贬义,贬责,狂妄自大/自命不凡,
伟大,形容词,褒义,赞扬,非凡/宏大/杰出/卓越,
伟绩,名词,褒义,赞扬,功绩/伟业/业绩,
伟人,名词,褒义,赞扬,巨人,
伪善,形容词,贬义,贬责,虚伪,
伪造,动词,贬义,贬责,假造,
猥琐,形容词,贬义,厌恶,扭捏/庸俗,
味同嚼蜡,成语,贬义,厌恶,索然寡味/索然无味,
畏首畏尾,成语,贬义,批评,缩头缩脑,
畏葸不前,成语,贬义,批评,畏缩不前,
蔚然,形容词,褒义,喜爱,茂盛/蓬勃,
温和,形容词,褒义,喜爱,温暖/暖和/和蔼/和气/和善/平和/温厚/温柔/温顺,
温厚,形容词,褒义,喜爱,厚道/温和,
温柔,形容词,褒义,喜爱,柔媚/柔顺/温存/温和/温顺,
温文尔雅,成语,褒义,赞扬,彬彬有礼/文质彬彬,
瘟神,名词,贬义,憎恶,恶魔/恶神/魔鬼,
文不对题,成语,贬义,批评,答非所问/离题万里/驴唇不对马嘴,
文采,名词,褒义,赞扬,文华/文饰/文藻,
文抄公,名词,贬义,批评,,
文从字顺,成语,褒义,赞扬,文清如水/文字清顺,
文过饰非,成语,贬义,批评,涂脂抹粉/傅粉施朱,
文豪,名词,褒义,敬重,文圣/文宗/文仙,
文静,形容词,褒义,赞扬,斯文/文雅,
文侩,名词,贬义,贬责,文痞,
文明,形容词/名词,褒义,赞扬,开化/开明/文雅,
文痞,名词,贬义,憎恶,文侩,
文雅,形容词,褒义,赞扬,斯文/文明,
文质彬彬,成语,褒义,赞扬,彬彬有礼/温文尔雅,
闻风丧胆,成语,贬义,贬责,谈虎色变/心惊胆战/心惊胆寒,
稳健,形容词,褒义,赞扬,沉稳/持重/稳重,
稳重,形容词,褒义,赞扬,沉稳/持重/稳健,
问世,动词,褒义,庄重,,
窝藏,动词,贬义,贬责,暗藏/私藏,
龌龊,形容词,贬义,憎恶,肮脏/丑恶/卑劣/卑鄙,
乌合之众,成语,贬义,憎恶,无耻之徒,
乌烟瘴气,成语,贬义,憎恶,乱七八槽/乌七八槽,
诬告,动词,贬义,憎恶,诬害/诬赖/诬蔑/诬陷,
诬赖,动词,贬义,憎恶,诬蔑/诬陷,
诬蔑,动词,贬义,憎恶,诽谤/诬蔑/诬陷,
诬陷,动词,贬义,憎恶,诬告/诬害/诬蔑/陷害,
污浊,形容词,贬义,贬责,肮脏/卑污/龌龊,
无病呻吟,成语,贬义,贬责,无病自灸/无风起浪,
无耻,形容词,贬义,憎恶,卑鄙/卑劣/可耻,
无敌,形容词,褒义,赞扬,,
无的放矢,成语,贬义,批评,对牛弹琴,
无恶不作,成语,贬义,憎恶,胡作非为/为非作歹,
无法无天,成语,贬义,憎恶,胡作非为/目无法纪/肆无忌惮/肆行无忌/肆意妄为/为所欲为,
无风生浪,成语,贬义,批评,无端生事/无事生非/无风三尺浪,
无稽之谈,成语,贬义,贬责,不经之谈/无稽谰言,
无价之宝,成语,褒义,赞扬,价值连城,
无坚不摧,成语,褒义,赞扬,攻无不克/所向披靡/所向无敌/战无不胜,
无孔不入,成语,贬义,贬责,钻头觅缝,
无赖,形容词/名词,贬义,憎恶,无耻/无聊/地痞/恶棍/流氓,
无理取闹,成语,贬义,批评,无事生非,
无聊,形容词,贬义,贬责,无耻,
无事生非,成语,贬义,贬责,惹是生非/挑拨是非/无风起浪,
无视,动词,贬义,批评,忽视/漠视/轻视,
无私,形容词,褒义,赞扬,忘我,
无所不为,成语,贬义,贬责,胡作非为/为非作歹/为所欲为/无恶不作,
无所不用其极,成语,贬义,憎恶,无所不为/无所不至,
无所不至,成语,贬义,贬责,无所不为/无所不作/无所不用其极,
无所用心,成语,贬义,贬责,饱食终日/无所事事,
无所作为,成语,贬义,贬责,无所事事,
无微不至,成语,褒义,赞扬,关怀备至/体贴入微,
无畏,形容词,褒义,赞扬,英勇/勇敢,
无瑕,形容词,褒义,赞扬,纯洁/纯净,
无懈可击,成语,褒义,赞扬,无隙可乘,
无与伦比,成语,褒义,赞扬,前所未有/史无前例/无可比拟,
无知,形容词,贬义,贬责,愚蠢/愚昧,
无中生有,成语,贬义,贬责,无事生非,
五彩缤纷,成语,褒义,喜爱,光辉灿烂/五彩斑斓,
妩媚,形容词,褒义,喜爱/赞扬,姣美/美丽/漂亮,
武断,形容词,贬义,贬责,独断/专断,
舞弊,动词,贬义,贬责,作弊/作假,
奚落,动词,贬义,贬责,嘲讽/讥讽/挖苦,
犀利,形容词,褒义,赞扬,锋利/锐利,
牺牲,动词,褒义,赞扬/敬重,捐躯/献身,
吸血鬼,名词,贬义,憎恶,寄生虫,
嬉皮笑脸,成语,贬义,批评,,
习气,名词,贬义,贬责,,
洗劫,动词,贬义,憎恶,抢劫,
喜闻乐见,成语,褒义,喜爱,脍炙人口,
喜笑颜开,成语,褒义,喜悦,欢天喜地/眉开眼笑/笑逐颜开,
细腻,形容词,褒义,喜爱/赞扬,精致/精细/细致,
细心,形容词,褒义,赞扬,精心/仔细,
细致,形容词,褒义,赞扬,精细/细心,
瞎话,名词,贬义,贬责,胡话/假话,
瞎说,动词,贬义,贬责,胡说/乱说,
狭隘,形容词,贬义,贬责,狭小/狭窄,
狭窄,形容词,贬义,贬责,狭隘/狭小,
遐迩闻名,成语,褒义,赞扬,举世闻名/遐迩著闻,
下笔成章,成语,褒义,赞扬,出口成章/一挥而就,
下场,名词,贬义,鄙视/憎恶,后果,
下贱,形容词,贬义,鄙视/憎恶,下流/下作,
下流,形容词,贬义,鄙视/憎恶,卑贱/下贱/下作,
先辈,名词,褒义,尊敬,前辈,
先锋,名词,褒义,赞扬,前驱/前驱者/先驱/先驱者,
先进,形容词,褒义,赞扬,进步/发达,
先烈,名词,褒义,崇敬,烈士,
先驱,名词,褒义,崇敬,先锋/前驱/先行者,
先人后己,成语,褒义,赞扬,舍己为人,
鲜艳,形容词,褒义,喜爱,艳丽,
娴静,形容词,褒义,喜爱,娴雅/文静/文雅,
娴雅,形容词,褒义,喜爱,斯文/文雅,
贤惠,形容词,褒义,赞扬,贤淑,
贤明,形容词,褒义,赞扬,睿智/英明,
贤淑,形容词,褒义,赞扬,贤惠,
显著,形容词,褒义,赞扬,突出,
险恶,形容词,贬义,憎恶,恶毒/阴毒/阴险,
献身,动词,褒义,赞扬,舍身,
陷害,动词,贬义,憎恶,暗害/坑害/谋害/诬害,
香甜,形容词,褒义,喜爱,甜美/甘美,
响彻云霄,成语,褒义,赞扬,响遏行云,
想入非非,成语,贬义,贬责,异想天开,
嚣张,形容词,贬义,憎恶,猖獗/猖狂,
潇洒,形容词,褒义,赞扬,豪放/飘逸/洒脱,
歇斯底里,形容词,贬义,憎恶,猖狂/疯狂,
邪道,名词,贬义,贬责,邪路,
邪恶,形容词,贬义,憎恶,丑恶/险恶,
亵渎,动词,贬义,贬责,玷污/污辱,
心血,名词,褒义,赞扬,,
欣欣向荣,成语,褒义,喜爱/赞扬,生机勃勃/生机盎然/繁荣昌盛/蒸蒸日上,
新兴,形容词,褒义,赞扬,新生,
新颖,形容词,褒义,喜爱,,
信口开河,成语,贬义,贬责,信口雌黄,
兴风作浪,成语,贬义,贬责,掀风鼓浪/兴妖作怪,
兴盛,形容词,褒义,喜爱,昌盛/繁荣/兴旺,
兴旺,形容词,褒义,喜爱,发达/旺盛/兴盛,
兴妖作怪,成语,贬义,憎恶,掀风鼓浪/兴风作浪,
行径,名词,贬义,憎恶,,
幸福,名词/形容词,褒义,喜爱,美满/甜蜜,
凶暴,形容词,贬义,憎恶,残暴/粗暴/蛮横/凶横,
凶残,形容词,贬义,憎恶,残忍/凶狠,
凶恶,形容词,贬义,憎恶,恶毒/凶残/凶狠,
凶狠,形容词,贬义,憎恶,残忍/狠毒/凶恶,
雄辩,形容词/名词,褒义,赞扬,有力,
雄厚,形容词,褒义,赞扬,丰厚/厚实,
雄健,形容词,褒义,赞扬,刚健/矫健/强健/稳健,
雄赳赳,形容词,褒义,赞扬,气昂昂/威武/雄健,
雄伟,形容词,褒义,赞扬,宏伟/雄壮,
雄心,名词,褒义,赞扬,壮志,
雄姿,名词,褒义,赞扬,英姿,
秀丽,形容词,褒义,喜爱,美丽/清秀/秀气,
秀气,形容词,褒义,喜爱,清秀/秀丽/精巧,
虚假,形容词,贬义,贬责,假惺惺/虚伪,
虚荣,名词,贬义,贬责,,
虚伪,形容词,贬义,贬责,假惺惺/虚假,
虚心,形容词,褒义,赞扬,谦虚/谦逊,
蓄意,动词,贬义,贬责,存心/蓄谋,
炫耀,动词,贬义,贬责,显摆,
绚烂,形容词,褒义,赞扬,灿烂/绚丽,
绚丽,形容词,褒义,喜爱,华丽/绚烂/艳丽,
血腥,形容词,贬义,憎恶,,
熏陶,动词,褒义,喜爱,陶冶,
循循善诱,成语,褒义,赞扬,诲人不倦/谆谆教诲,
徇私,动词,贬义,憎恶,营私,
雅观,形容词,褒义,喜爱,文雅/幽雅/好看,
雅俗共赏,成语,褒义,赞扬,喜闻乐见,
雅致,形容词,褒义,赞扬,雅观/优美,
严谨,形容词,褒义,赞扬,严密/谨慎/周密,
严明,形容词,褒义,赞扬,严格/严肃,
言而无信,成语,贬义,批评,背信弃义/自食其果/食言而肥,
言简意赅,成语,褒义,赞扬,简明扼要/言近旨远/要言不烦,
眼高手低,成语,贬义,批评,不自量力/好高骛远/志大才疏,
眼明手快,成语,褒义,赞扬,眼疾手快,
扬眉吐气,成语,褒义,喜悦,眉飞色舞/欢天喜地/笑逐颜开/喜笑颜开,
扬言,动词,贬义,憎恶,声称,
阳奉阴违,成语,贬义,憎恶,表里不一/口蜜腹剑/口是心非/两面三刀,
洋溢,动词,褒义,喜悦,充溢/充满,
要挟,动词,贬义,贬责,恐吓/挟制,
妖言惑众,成语,贬义,憎恶,蛊惑人心/造谣惑众,
摇尾乞怜,成语,贬义,憎恶,卑躬屈膝/低三下四/低声下气/奴颜媚骨/乞哀告怜,
野蛮,形容词,贬义,憎恶,残暴/粗暴/粗野/蛮横,
野心,名词,贬义,憎恶,,
业绩,名词,褒义,赞扬,成绩/成就/功绩/伟绩,
叶公好龙,成语,贬义,贬责,心口不一/言行不一,
夜以继日,成语,褒义,赞扬,废寝忘食,
一尘不染,成语,褒义,赞扬,一干二净,
一蹶不振,成语,贬义,批评,一败涂地,
一马当先,成语,褒义,赞扬,争先恐后,
一毛不拔,成语,贬义,贬责,一钱如命/一文如命,
一曝十寒,成语,贬义,批评,虎头蛇尾/三心二意/有始无终/有头无尾,
一丘之貉,成语,贬义,憎恶,沆瀣一气/一路货色,
一日千里,成语,褒义,赞扬,风驰电掣/日新月异/突飞猛进,
一手遮天,成语,贬义,憎恶,横行霸道/欺上瞒下,
一丝不苟,成语,褒义,赞扬,兢兢业业,
一味,副词,贬义,贬责,,
一意孤行,成语,贬义,批评,固执己见/自以为是,
依赖,动词,贬义,批评,依靠,
以身殉职,成语,褒义,敬重,以身殉国,
以身作则,成语,褒义,赞扬,身先士卒,
依仗,动词,贬义,贬责,依赖,
义正词严,成语,褒义,赞扬,理直气壮,
毅力,名词,褒义,赞扬,意志,
屹立,动词,褒义,赞扬,耸立/矗立,
异彩,名词,褒义,赞扬,光彩,
意气风发,成语,褒义,赞扬,斗志昂扬,
因循守旧,成语,贬义,贬责,抱残守缺/固步自封/墨守陈规,
阴谋,名词/动词,贬义,憎恶,诡计/密谋/图谋,
阴森,形容词,贬义,憎恶,可怕/恐怖/阴暗/阴沉,
阴险,形容词,贬义,憎恶,奸险/险恶/阴毒,
阴阳怪气,成语,贬义,批评,居心叵测/两面三刀/胸怀叵测,
殷切,形容词,褒义,喜爱,恳切/深切/真切,
淫贼,名词,贬义,憎恶,,
引人入胜,成语,褒义,喜爱,叹为观止,
英豪,名词,褒义,赞扬,英雄/豪杰,
英俊,形容词,褒义,赞扬,俊俏/漂亮/英武,
英明,形容词,褒义,赞扬,贤明/圣明,
英武,形容词,褒义,赞扬,英俊,
英雄,名词/形容词,褒义,赞扬,豪杰/好汉,
英勇,形容词,褒义,赞扬,勇敢,
英姿飒爽,成语,褒义,赞扬,威风凛凛/英气勃勃/英姿勃发/英姿焕发,
鹰犬,名词,贬义,憎恶,帮凶/打手/爪牙/走狗,
营私舞弊,成语,贬义,憎恶,贪赃枉法/徇私舞弊,
迎合,动词,贬义,贬责,逢迎/奉承/附和,
硬朗,形容词,褒义,喜爱,健康/健壮/结实,
拥戴,动词,褒义,敬重,爱戴/推戴/拥护,
庸碌,形容词,贬义,贬责,无能,
庸人自扰,成语,贬义,贬责,杞人忧天,
庸俗,形容词,贬义,贬责,粗俗/低俗,
臃肿,形容词,贬义,批评,肥大/庞大,
永垂不朽,成语,褒义,敬重,流芳百世/千古流芳/永世长存,
永恒,形容词,褒义,敬重,,
勇敢,形容词,褒义,赞扬,果敢/英勇/勇猛,
勇猛,形容词,褒义,赞扬,勇敢/凶猛,
勇士,名词,褒义,赞扬,猛士/壮士,
勇往直前,成语,褒义,赞扬,奋勇向前/一往无前,
勇于,副词,褒义,喜爱,敢于,
涌现,动词,褒义,赞扬,,
用功,形容词,褒义,赞扬,刻苦/努力/勤奋/勤勉,
优点,名词,褒义,喜爱,长处,
优良,形容词,褒义,赞扬,良好/优秀,
优美,形容词,褒义,赞扬,美好/美妙/幽美/优雅,
优秀,形容词,褒义,赞扬,出色/优异,
优异,形容词,褒义,赞扬,优良/优秀,
优越,形容词,褒义,赞扬,良好/优良/卓越,
优质,形容词,褒义,赞扬,上等/一流/优等,
幽美,形容词,褒义,喜爱,美丽/优美/幽雅,
悠久,形容词,褒义,赞扬,,
悠扬,形容词,褒义,喜爱,婉转,
由衷,形容词,褒义,喜爱,,
油滑,形容词,贬义,贬责,轻浮/圆滑,
油头滑脑,成语,贬义,贬责,滑头滑脑/油腔滑调,
油嘴滑舌,成语,贬义,贬责,油腔滑调,
友爱,形容词,褒义,喜爱,友好/友善,
友好,形容词/名词,褒义,喜爱,友爱/友善/好友/朋友,
友谊,名词,褒义,喜爱,情谊/友爱/友情,
有板有眼,成语,褒义,赞扬,有条有理/有条不紊,
有口皆碑,成语,褒义,赞扬,口碑载道,
有声有色,成语,褒义,赞扬,绘声绘色/会声会影/声情并茂,
有条不紊,成语,褒义,赞扬,井井有条/井然有序/条理井然/有条有理,
有血有肉,成语,褒义,赞扬,栩栩如生/有声有色,
有眼无珠,成语,贬义,贬责,视而不见,
幼稚,形容词,贬义,批评,简单,
诱导,动词,褒义,喜爱,教导/开导/劝导/疏导/引导,
诱惑,动词,贬义,贬责,勾引/迷惑/诱骗,
诱骗,动词,贬义,憎恶,勾引/拐骗/哄骗/蒙骗/欺骗/诈骗,
迂腐,形容词,贬义,贬责,陈旧/腐朽,
愚蠢,形容词,贬义,贬责,蠢笨/愚笨,
愚昧,形容词,贬义,贬责,落后/无知/愚蠢,
愚弄,动词,贬义,贬责,耍弄/玩弄/戏弄/捉弄,
语重心长,成语,褒义,敬重,谆谆教诲,
与人为善,成语,褒义,喜爱,行善积德,
与时俱进,成语,褒义,喜爱,,
预谋,动词/名词,贬义,憎恶,合谋/密谋/阴谋,
渊博,形容词,褒义,赞扬,博学/广博/渊深,
圆滑,形容词,贬义,贬责,世故/油滑,
远大,形容词,褒义,赞扬,深远/伟大,
远见卓识,成语,褒义,赞扬,真知灼见,
悦耳,形容词,褒义,喜爱,动听/好听,
悦目,形容词,褒义,喜爱,好看/美观,
杂乱无章,成语,贬义,批评,乱七八糟/七零八落,
栽跟头,惯用语,贬义,批评,,
栽赃,动词,贬义,贬责,,
再接再厉,成语,褒义,赞扬,,
载歌载舞,成语,褒义,喜悦,欢欣鼓舞/兴高采烈,
赞不绝口,成语,褒义,赞扬,赞叹不已,
赞美,动词,褒义,赞扬,歌颂/夸奖/赞扬,
赞赏,动词,褒义,赞扬,赞叹/赞扬,
赞扬,动词,褒义,喜爱,表扬/夸奖/赞美,
糟粕,名词,贬义,贬责,,
糟蹋,动词,贬义,贬责,浪费/蹂躏,
造谣,动词,贬义,贬责,,
贼喊捉贼,成语,贬义,憎恶,,
贼头贼脑,成语,贬义,贬责,贼眉贼眼/贼眉鼠眼,
扎实,形容词,褒义,赞扬,实在/踏实,
诈骗,动词,贬义,憎恶,欺诈,
榨取,动词,贬义,憎恶,剥削/盘剥/压榨,
沾染,动词,贬义,批评,,
沾沾自喜,成语,贬义,批评,,
瞻仰,动词,褒义,敬重,敬仰,
斩钉截铁,成语,褒义,赞扬,毅然决然,
张冠李戴,成语,贬义,批评,颠倒是非/混淆是非,
张牙舞爪,成语,贬义,憎恶,,
仗势,动词,贬义,贬责,仗恃,
仗义执言,成语,褒义,赞扬,,
招牌,名词,贬义,贬责,旗号,
招摇撞骗,成语,贬义,贬责,,
朝令夕改,成语,贬义,批评,朝令暮改,
朝气,名词,褒义,赞扬,生气,
朝气蓬勃,成语,褒义,赞扬,生龙活虎/生气勃勃,
朝三暮四,成语,贬义,贬责,朝秦暮楚,
照本宣科,成语,贬义,批评,照葫芦画瓢,
遮人耳目,成语,贬义,批评,瞒天过海,
珍贵,形容词,褒义,赞扬,宝贵,
珍品,名词,褒义,喜爱,,
珍惜,动词,褒义,赞扬,爱护/爱惜/珍视/珍重,
真才实学,成语,褒义,赞扬,,
真诚,形容词,褒义,赞扬,赤诚/虔诚/热诚/真挚,
真理,名词,褒义,赞扬,,
真知灼见,成语,褒义,赞扬,,
真挚,形容词,褒义,赞扬,诚挚/真诚,
争权夺利,成语,贬义,贬责,,
狰狞,形容词,贬义,憎恶,,
蒸蒸日上,成语,褒义,赞扬,繁荣昌盛,
整洁,形容词,褒义,赞扬,清洁/整齐,
整齐,形容词,褒义,赞扬,,
正派,形容词,褒义,赞扬,,
正气凛然,成语,褒义,赞扬,,
正直,形容词,褒义,赞扬,耿直/正派,
郑重,形容词,褒义,赞扬,庄重,
政出多门,成语,贬义,批评,,
政通人和,成语,褒义,赞扬,,
支离破碎,成语,贬义,贬责,七零八落/四分五裂,
执迷不悟,成语,贬义,批评,顽固不化,
纸老虎,惯用语,贬义,鄙视,,
纸上谈兵,成语,贬义,批评,,
纸醉金迷,成语,贬义,贬责,,
指鹿为马,成语,贬义,憎恶,颠倒是非/混淆黑白,
指使,动词,贬义,贬责,,
指手画脚,成语,贬义,批评,颐指气使,
趾高气扬,成语,贬义,批评,不可一世/得意忘形,
质朴,形容词,褒义,赞扬,淳朴/朴质,
智慧,名词,褒义,赞扬,,
至理名言,成语,褒义,赞扬,,
志大才疏,成语,贬义,批评,眼高手低,
志士仁人,成语,褒义,赞扬,仁人志士,
志同道合,成语,褒义,赞扬,情投意合/心心相印,
置若罔闻,成语,贬义,批评,置之不理/充耳不闻,
置之死地而后快,成语,贬义,憎恶,,
中饱私囊,成语,贬义,贬责,,
中流砥柱,成语,褒义,赞扬,砥柱中流,
忠诚,形容词,褒义,赞扬,忠厚,
忠厚,形容词,褒义,喜爱,忠诚,
忠心耿耿,成语,褒义,赞扬,赤胆忠心/全心全意,
中肯,形容词,褒义,赞扬,,
中伤,动词,贬义,憎恶,诽谤/诬蔑,
众叛亲离,成语,贬义,贬责,孤家寡人,
众望所归,成语,褒义,赞扬,人心所向,
众志成城,成语,褒义,赞扬,万众一心,
周到,形容词,褒义,赞扬,周密/周全,
周密,形容词,褒义,赞扬,周到/周全,
周全,形容词,褒义,赞扬,周到/周密,
著名,形容词,褒义,赞扬,驰名/闻名/有名,
助人为乐,成语,褒义,赞扬,,
助长,动词,贬义,贬责,,
助纣为虐,成语,贬义,憎恶,,
专横,形容词,贬义,憎恶,蛮横/强横/专断,
专心致志,成语,褒义,赞扬,聚精会神/全神贯注,
专制,形容词,贬义,贬责,独裁/专断/专权,
装腔作势,成语,贬义,批评,矫揉造作/虚张声势/装模作样,
庄严,形容词,褒义,赞扬,严肃/庄重,
庄重,形容词,褒义,赞扬,端庄/郑重,
壮丽,形容词,褒义,赞扬,绚丽,
壮烈,形容词,褒义,敬重,,
壮志,名词,褒义,赞扬,雄心/壮心,
拙劣,形容词,贬义,鄙视,卑劣/低劣,
卓有成效,成语,褒义,赞扬,,
卓越,形容词,褒义,赞扬,卓著,
卓著,形容词,褒义,赞扬,卓绝/卓越,
茁壮,形容词,褒义,喜爱,健壮/强壮,
恣意妄为,成语,贬义,贬责,恣行无忌,
自暴自弃,成语,贬义,批评,自轻自贱,
自吹自擂,成语,贬义,批评,自卖自夸,
自负,形容词,贬义,批评,自大,
自高自大,成语,贬义,批评,骄傲自满,
自豪,形容词,褒义,赞扬,,
自居,动词,贬义,批评,骄傲/自负,
自力更生,成语,褒义,赞扬,自食其力,
自满,形容词,贬义,批评,骄傲/自大,
自鸣得意,成语,贬义,批评,自我陶醉,
自命不凡,成语,贬义,批评,自鸣得意,
自欺欺人,成语,贬义,贬责,,
自强不息,成语,褒义,赞扬,发奋图强/力争上游,
自私,形容词,贬义,贬责,,
自我标榜,成语,贬义,憎恶,自我吹嘘,
自我陶醉,成语,贬义,批评,自鸣得意/自我欣赏,
自相残杀,成语,贬义,贬责,自相鱼肉/自相水火,
自以为是,成语,贬义,批评,,
自作聪明,成语,贬义,批评,,
自作自受,成语,贬义,鄙视,咎由自取/自食其果/作茧自缚,
纵容,动词,贬义,贬责,放纵/怂恿,
走狗,名词,贬义,憎恶,汉奸/走卒,
走过场,惯用语,贬义,批评,,
走后门,惯用语,贬义,憎恶,钻后门,
走私,动词,贬义,贬责,,
阻挠,动词,贬义,贬责,阻碍,
钻牛角尖,惯用语,贬义,批评,,
钻营,动词,贬义,贬责,,
罪大恶极,成语,贬义,憎恶,恶贯满盈/罪恶滔天,
罪恶,名词/形容词,贬义,憎恶,罪过/罪行,
罪恶昭著,成语,贬义,憎恶,罪大恶极/罪不容诛,
罪魁祸首,成语,贬义,憎恶,,
罪名,名词,贬义,憎恶,,
罪孽深重,成语,贬义,憎恶,罄竹难书/罪恶滔天/罪不容诛,
罪行,名词,贬义,憎恶,罪责/罪状,
醉生梦死,成语,贬义,贬责,灯红酒绿/花天酒地/纸醉金迷,
尊敬,动词,褒义,敬重,敬重/尊重,
尊重,动词,褒义,敬重,尊敬,
作弊,动词,贬义,贬责,舞弊,
作恶多端,成语,贬义,憎恶,无恶不作,
作奸犯科,成语,贬义,憎恶,,
作茧自缚,成语,贬义,批评,自作自受,
作威作福,成语,贬义,憎恶,横行霸道/耀武扬威,
做贼心虚,成语,贬义,鄙视,,
坐井观天,成语,贬义,批评,井底之蛙,
坐山观虎斗,惯用语,贬义,憎恶,,
坐失良机,成语,贬义,批评,,
坐视不救,成语,贬义,贬责,见死不救,
坐享其成,成语,贬义,贬责,不劳而获/坐收渔利,
坐以待毙,成语,贬义,批评,束手待毙/束手就擒,
做手脚,惯用语,贬义,憎恶,设圈套,
做作,形容词,贬义,厌恶,造作,
,,,,,
,,,,,
,,,,,
共1664条,褒义词,728条,,,
,贬义词,933条,,,
,兼褒贬,3条,标新立异/骄傲/美化,,