ID,Instance,Class,,
Da100101,苦痛,痛苦,,
Da100101,痛苦,痛苦,,
Da100101,苦楚,痛苦,,
Da100101,痛楚,痛苦,,
Da100101,酸楚,痛苦,,
Da100101,苦处,痛苦,,
Da100101,痛处,痛苦,,
Da100101,苦头,痛苦,,
Da100101,苦难,痛苦,,
Da100101,苦水,痛苦,,
Da100101,苦,痛苦,,
Da100101,切肤之痛,痛苦,,
Da100102,疾苦,痛苦,,
Da100102,困苦,痛苦,,
Da100102,痛痒,痛苦,,
Da110201,冤仇,仇恨,,
Da110201,冤,仇恨,,
Da110201,仇,仇恨,,
Da110201,仇恨,仇恨,,
Da110201,仇怨,仇恨,,
Da110201,睚眦,仇恨,,
Da110202,切骨之仇,仇恨,,
Da110202,深仇大恨,仇恨,,
Da110202,血海深仇,仇恨,,
Da110203,世仇,仇恨,,
Da110203,旧恶,仇恨,,
Da110203,旧仇宿怨,仇恨,,
Da110204,私仇,仇恨,,
Da110204,新仇旧恨,仇恨,,
Da110301,恩怨,仇恨,,
Da110301,恩仇,仇恨,,
Da110301,丝恩发怨,仇恨,,
Ga010201,悲伤,悲伤,,
Ga010201,伤悲,悲伤,,
Ga010201,伤心,悲伤,,
Ga010201,伤感,悲伤,,
Ga010201,熬心,悲伤,,
Ga010201,难过,悲伤,,
Ga010201,难受,悲伤,,
Ga010201,悲,悲伤,,
Ga010201,哀,悲伤,,
Ga010201,哀伤,悲伤,,
Ga010201,悲哀,悲伤,,
Ga010201,悲戚,悲伤,,
Ga010201,悲郁,悲伤,,
Ga010201,悲愁,悲伤,,
Ga010201,哀愁,悲伤,,
Ga010201,哀戚,悲伤,,
Ga010201,悲怆,悲伤,,
Ga010201,忧伤,悲伤,,
Ga010201,忧戚,悲伤,,
Ga010201,哀哀,悲伤,,
Ga010201,怆怆,悲伤,,
Ga010201,怆然,悲伤,,
Ga010201,恻然,悲伤,,
Ga010201,凄然,悲伤,,
Ga010201,凄凄,悲伤,,
Ga010201,凄迷,悲伤,,
Ga010201,凄惘,悲伤,,
Ga010201,凄怆,悲伤,,
Ga010201,凄恻,悲伤,,
Ga010201,凄惶,悲伤,,
Ga010201,怆恻,悲伤,,
Ga010201,恻怛,悲伤,,
Ga010201,恻恻,悲伤,,
Ga010201,愀怆,悲伤,,
Ga010201,惨怛,悲伤,,
Ga010201,忉怛,悲伤,,
Ga010201,怛怛,悲伤,,
Ga010201,殷殷,悲伤,,
Ga010201,不是味儿,悲伤,,
Ga010201,不是滋味,悲伤,,
Ga010201,如丧考妣,悲伤,,
Ga010202,悲痛,悲伤,,
Ga010202,哀痛,悲伤,,
Ga010202,沉痛,悲伤,,
Ga010202,痛,悲伤,,
Ga010202,痛心,悲伤,,
Ga010202,悲愤,悲伤,,
Ga010202,痛切,悲伤,,
Ga010202,悲切,悲伤,,
Ga010202,惨切,悲伤,,
Ga010202,凄戾,悲伤,,
Ga010202,肠断,悲伤,,
Ga010202,断肠,悲伤,,
Ga010202,柔肠百转,悲伤,,
Ga010202,肝肠寸断,悲伤,,
Ga010202,肝肠断绝,悲伤,,
Ga010202,肝肠痛断,悲伤,,
Ga010202,肠断魂消,悲伤,,
Ga010202,黯然销魂,悲伤,,
Ga010202,长歌当哭,悲伤,,
Ga010202,椎心泣血,悲伤,,
Ga010202,痛定思痛,悲伤,,
Ga010202,创巨痛深,悲伤,,
Ga010202,人琴俱亡,悲伤,,
Ga010202,不堪回首,悲伤,,
Ga010202,五内如焚,悲伤,,
Ga010202,五内俱裂,悲伤,,
Ga010203,痛苦,悲伤,,
Ga010203,痛,悲伤,,
Ga010203,苦痛,悲伤,,
Ga010203,惨痛,悲伤,,
Ga010203,伤痛,悲伤,,
Ga010203,愧痛,悲伤,,
Ga010203,惨然,悲伤,,
Ga010203,惨苦,悲伤,,
Ga010203,悲苦,悲伤,,
Ga010203,心如刀割,悲伤,,
Ga010203,黯然神伤,悲伤,,
Ga010203,回肠九转,悲伤,,
Ga010203,缠绵悱恻,悲伤,,
Ga010203,切肤之痛,悲伤,,
Ga010204,悲酸,悲伤,,
Ga010204,悲辛,悲伤,,
Ga010204,辛酸,悲伤,,
Ga010204,酸辛,悲伤,,
Ga010204,心酸,悲伤,,
Ga010204,酸溜溜,悲伤,,
Ga010204,苦涩,悲伤,,
Ga010205,凄惨,悲伤,,
Ga010205,凄楚,悲伤,,
Ga010205,凄切,悲伤,,
Ga010205,惨惨,悲伤,,
Ga010206,兔死狐悲,悲伤,,
Ga010206,物伤其类,悲伤,,
Ga020101,忧愁,忧愁,,
Ga020101,发愁,忧愁,,
Ga020101,犯愁,忧愁,,
Ga020101,忧,忧愁,,
Ga020101,愁,忧愁,,
Ga020101,忧伤,忧愁,,
Ga020101,忧戚,忧愁,,
Ga020101,戴愁帽,忧愁,,
Ga020101,牢愁,忧愁,,
Ga020101,悄然,忧愁,,
Ga020101,忧思,忧愁,,
Ga020101,忧悒,忧愁,,
Ga020101,愁悒,忧愁,,
Ga020101,忧煎,忧愁,,
Ga020101,忧从中来,忧愁,,
Ga020101,忧心忡忡,忧愁,,
Ga020101,忧心如焚,忧愁,,
Ga020101,心事重重,忧愁,,
Ga020101,愁眉苦脸,忧愁,,
Ga020101,愁眉不展,忧愁,,
Ga020101,愁眉锁眼,忧愁,,
Ga020101,愁肠百结,忧愁,,
Ga020101,蒿目时艰,忧愁,,
Ga020101,郁郁寡欢,忧愁,,
Ga020101,悲天悯人,忧愁,,
Ga020102,忧虑,忧愁,,
Ga020102,焦虑,忧愁,,
Ga020102,虑,忧愁,,
Ga020102,忧患,忧愁,,
Ga020102,担忧,忧愁,,
Ga020102,忧惧,忧愁,,
Ga020102,戚戚,忧愁,,
Ga020102,恤恤,忧愁,,
Ga020103,忧闷,忧愁,,
Ga020103,愁闷,忧愁,,
Ga020103,愁苦,忧愁,,
Ga020103,忧郁,忧愁,,
Ga020103,抑郁,忧愁,,
Ga020103,阴郁,忧愁,,
Ga020103,悒郁,忧愁,,
Ga020103,怫郁,忧愁,,
Ga020103,郁结,忧愁,,
Ga020103,幽忧,忧愁,,
Ga020103,忧愤,忧愁,,
Ga020103,悒悒,忧愁,,
Ga020103,抑抑,忧愁,,
Ga020103,怏怏,忧愁,,
Ga020103,郁郁不乐,忧愁,,
Ga020103,闷闷不乐,忧愁,,
Ga020103,忽忽不乐,忧愁,,
Ga020103,怏怏不乐,忧愁,,
Ga020104,过虑,忧愁,,
Ga020104,多虑,忧愁,,
Ga020104,杞人忧天,忧愁,,
Ga020104,庸人自扰,忧愁,,
Ga020105,后顾之忧,忧愁,,
Ga020105,内顾之忧,忧愁,,
Ga020106,穷愁,忧愁,,
Ga020106,闲愁,忧愁,,
Ic040101,叹气,忧愁,,
Ic040101,叹息,忧愁,,
Ic040101,太息,忧愁,,
Ic040101,嗟叹,忧愁,,
Ic040101,叹,忧愁,,
Ic040101,嘘,忧愁,,
Ic040101,喟然,忧愁,,
Ic040101,唉声叹气,忧愁,,
Ic040101,长吁短叹,忧愁,,
Ic040102,长叹,忧愁,,
Ic040102,浩叹,忧愁,,
Ic040103,悲叹,忧愁,,
Ic040103,哀叹,忧愁,,
Ga020106,客愁,忧愁,,
Ga020201,烦闷,烦闷,,
Ga020201,烦心,烦闷,,
Ga020201,糟心,烦闷,,
Ga020201,烦乱,烦闷,,
Ga020201,烦躁,烦闷,,
Ga020201,烦恼,烦闷,,
Ga020201,烦扰,烦闷,,
Ga020201,忧烦,烦闷,,
Ga020201,忧闷,烦闷,,
Ga020201,沉闷,烦闷,,
Ga020201,苦闷,烦闷,,
Ga020201,郁闷,烦闷,,
Ga020201,愁闷,烦闷,,
Ga020201,憋闷,烦闷,,
Ga020201,闷气,烦闷,,
Ga020201,憋气,烦闷,,
Ga020201,窝囊,烦闷,,
Ga020201,窝憋,烦闷,,
Ga020201,不快,烦闷,,
Ga020201,不快意憋,烦闷,,
Ga020201,堵,烦闷,,
Ga020201,烦,烦闷,,
Ga020201,闷,烦闷,,
Ga020201,苦恼,烦闷,,
Ga020201,抑郁,烦闷,,
Ga020201,郁悒,烦闷,,
Ga020201,沉郁,烦闷,,
Ga020201,窝心,烦闷,,
Ga020201,愤懑,烦闷,,
Ga030101,愤怒,愤怒,,
Ga030101,恼怒,愤怒,,
Ga030101,含怒,愤怒,,
Ga030101,气恼,愤怒,,
Ga030101,气愤,愤怒,,
Ga030101,义愤,愤怒,,
Ga030101,激愤,愤怒,,
Ga030101,愤激,愤怒,,
Ga030101,愤慨,愤怒,,
Ga030101,愤然,愤怒,,
Ga030101,愤愤,愤怒,,
Ga030101,悻悻,愤怒,,
Ga030101,愠,愤怒,,
Ga030101,恚,愤怒,,
Ga030101,怒,愤怒,,
Ga030101,气,愤怒,,
Ga030101,恼,愤怒,,
Ga030101,愤,愤怒,,
Ga030101,艴然,愤怒,,
Ga030101,怒冲冲,愤怒,,
Ga030101,气冲冲,愤怒,,
Ga030101,气乎乎,愤怒,,
Ga030101,气囊囊,愤怒,,
Ga030101,气鼓鼓,愤怒,,
Ga030101,恼羞成怒,愤怒,,
Ga030101,怒气冲冲,愤怒,,
Ga030101,怒气攻心,愤怒,,
Ga030102,惹气,愤怒,,
Ga030102,怄气,愤怒,,
Ga030102,赌气,愤怒,,
Ga030102,负气,愤怒,,
Ga030103,动火,愤怒,,
Ga030103,动肝火,愤怒,,
Ga030103,恼火,愤怒,,
Ga030103,冒火,愤怒,,
Ga030103,光火,愤怒,,
Ga030103,发火,愤怒,,
Ga030103,上火,愤怒,,
Ga030103,挂火,愤怒,,
Ga030103,动怒,愤怒,,
Ga030103,发怒,愤怒,,
Ga030103,生气,愤怒,,
Ga030103,动气,愤怒,,
Ga030103,挂气,愤怒,,
Ga030103,火,愤怒,,
Ga030103,炸,愤怒,,
Ga030103,撺,愤怒,,
Ga030103,嗔,愤怒,,
Ga030103,发毛,愤怒,,
Ga030103,发狠,愤怒,,
Ga030103,犯小性儿,愤怒,,
Ga030103,红脸,愤怒,,
Ga030103,眼红,愤怒,,
Ga030103,红眼,愤怒,,
Ga030103,变色,愤怒,,
Ga030103,作色,愤怒,,
Ga030103,发作,愤怒,,
Ga030103,发标,愤怒,,
Ga030103,发脾气,愤怒,,
Ga030103,闹脾气,愤怒,,
Ga030103,使性子,愤怒,,
Ga030103,耍态度,愤怒,,
Ga030103,心头火起,愤怒,,
Ga030103,无明火起,愤怒,,
Ga030103,怒形于色,愤怒,,
Ga030103,疾言厉色,愤怒,,
Ga030103,直眉瞪眼,愤怒,,
Ga030103,横眉竖眼,愤怒,,
Ga030103,七窍生烟,愤怒,,
Ga030103,愤然作色,愤怒,,
Ga030103,揎袖捋臂,愤怒,,
Ga030103,拂袖而去,愤怒,,
Ga030104,大怒,愤怒,,
Ga030104,震怒,愤怒,,
Ga030104,盛怒,愤怒,,
Ga030104,怒火中烧,愤怒,,
Ga030104,火冒三丈,愤怒,,
Ga030104,赫然而怒,愤怒,,
Ga030104,怒不可遏,愤怒,,
Ga030104,勃然大怒,愤怒,,
Ga030104,大发雷霆,愤怒,,
Ga030104,暴跳如雷,愤怒,,
Ga030104,怒气冲天,愤怒,,
Ga030104,令人发指,愤怒,,
Ga030104,发指眦裂,愤怒,,
Ga030104,怒发冲冠,愤怒,,
Ga030104,气冲牛斗,愤怒,,
Ga030104,义愤填膺,愤怒,,
Ga030104,悲愤填膺,愤怒,,
Ga030104,人神共愤,愤怒,,
Ga030104,天怒人怨,愤怒,,
Ga030105,泄恨,愤怒,,
Ga030105,泄愤,愤怒,,
Ga030105,出气,愤怒,,
Ga030105,撒气,愤怒,,
Ga030105,迁怒,愤怒,,
Ga040201,惆怅,惆怅,,
Ga040201,怊怅,惆怅,,
Ga040201,怅怅,惆怅,,
Ga040201,怅惘,惆怅,,
Ga040201,惘然,惆怅,,
Ga040201,怅,惆怅,,
Ga040201,怆恍,惆怅,,
Ga040201,惝恍,惆怅,,
Ga040201,忽忽,惆怅,,
Ga040201,忽忽不乐,惆怅,,
Ga040201,惘然若失,惆怅,,
Ga040201,若有所失,惆怅,,
Ga040201,怅然若失,惆怅,,
Ga040202,失意,惆怅,,
Ga040202,向隅,惆怅,,
Ga040202,怃然,惆怅,,
Ga050101,灰心,惆怅,,
Ga050101,丧气,惆怅,,
Ga050101,泄气,惆怅,,
Ga050101,短气,惆怅,,
Ga050101,伤气,惆怅,,
Ga050101,失气,惆怅,,
Ga050101,泄劲,惆怅,,
Ga050101,气短,惆怅,,
Ga050101,气馁,惆怅,,
Ga050101,自馁,惆怅,,
Ga050101,凉,惆怅,,
Ga050101,懊丧,惆怅,,
Ga050101,沮丧,惆怅,,
Ga050101,惨沮,惆怅,,
Ga050101,灰溜溜,惆怅,,
Ga050101,嗒然若失,惆怅,,
Ga050101,冷水浇头,惆怅,,
Ga050101,心灰意懒,惆怅,,
Ga050101,灰心丧气,惆怅,,
Ga050101,垂头丧气,惆怅,,
Ga050101,心如死灰,惆怅,,
Ga050101,槁木死灰,惆怅,,
Ga050101,万念俱灰,惆怅,,
Ga050102,消沉,惆怅,,
Ga050102,低沉,惆怅,,
Ga050102,黯然,惆怅,,
Ga050102,感伤,惆怅,,
Ga050103,颓丧,惆怅,,
Ga050103,颓废,惆怅,,
Ga050103,颓败,惆怅,,
Ga050103,颓靡,惆怅,,
Ga050103,颓然,惆怅,,
Ga050103,颓唐,惆怅,,
Ga050103,委靡,惆怅,,
Ga050103,郎当,惆怅,,
Ga050103,累累,惆怅,,
Ga050103,委靡不振,惆怅,,
Ga050201,失望,失望,,
Ga050201,废然,失望,,
Ga050201,大失所望,失望,,
Ga050301,扫兴,失望,,
Ga050301,败兴,失望,,
Ga050301,杀风景,失望,,
Ga050301,兴致索然,失望,,
Ga060401,不满,不满,,
Ga060401,不称心,不满,,
Ga060401,遗憾,不满,,
Ga060402,不平,不满,,
Ga060402,鸣不平,不满,,
Ga060402,抱不平,不满,,
Ga060402,忿忿不平,不满,,
Ga060402,鸣冤叫屈,不满,,
Ga070201,不安,不安,,
Ga070201,紧张,不安,,
Ga070201,乱烦乱,不安,,
Ga070201,浮动,不安,,
Ga070201,打鼓,不安,,
Ga070201,杌陧,不安,,
Ga070201,介介,不安,,
Ga070201,疚,不安,,
Ga070201,蹴蹴,不安,,
Ga070201,夜不成寐,不安,,
Ga070201,食不甘味,不安,,
Ga070201,心事重重,不安,,
Ga070201,心烦意乱,不安,,
Ga070201,心慌意乱,不安,,
Ga070201,心乱如麻,不安,,
Ga070201,方寸已乱,不安,,
Ga070201,心神不定,不安,,
Ga070201,若有所失,不安,,
Ga070201,六神无主,不安,,
Ga070201,五色无主,不安,,
Ga070201,神魂颠倒,不安,,
Ga070201,魂不守舍,不安,,
Ga070201,魂不附体,不安,,
Ga070201,内心纷扰,不安,,
Ga070201,坐立不安,不安,,
Ga070201,坐卧不宁,不安,,
Ga070201,惶恐不安,不安,,
Ga070201,惴惴不安,不安,,
Ga070201,诚惶诚恐,不安,,
Ga070201,七上八下,不安,,
Ga070201,七上八落,不安,,
Ga070201,忐忑不安,不安,,
Ga070201,如坐针毡,不安,,
Ga070201,芒刺在背,不安,,
Ga080101,惭愧,惭愧,,
Ga080101,羞愧,惭愧,,
Ga080101,羞惭,惭愧,,
Ga080101,愧怍,惭愧,,
Ga080101,惭怍,惭愧,,
Ga080101,卑陬,惭愧,,
Ga080101,惭恧,惭愧,,
Ga080101,腆嘿,惭愧,,
Ga080101,愧汗,惭愧,,
Ga080101,惭,惭愧,,
Ga080101,愧,惭愧,,
Ga080101,忝,惭愧,,
Ga080101,耻,惭愧,,
Ga080101,羞,惭愧,,
Ga080101,恧,惭愧,,
Ga080101,面赤,惭愧,,
Ga080101,汗颜,惭愧,,
Ga080101,愧赧,惭愧,,
Ga080101,愧恨,惭愧,,
Ga080101,问心有愧,惭愧,,
Ga080101,自惭形秽,惭愧,,
Ga080101,无地自容,惭愧,,
Ga080101,面有愧色,惭愧,,
Ga080102,难为情,惭愧,,
Ga080102,不好意思,惭愧,,
Ga080102,过意不去,惭愧,,
Ga080102,不过意,惭愧,,
Ga080103,抱歉,惭愧,,
Ga080103,抱愧,惭愧,,
Ga080103,负疚,惭愧,,
Ga080103,内疚,惭愧,,
Ga080103,愧疚,惭愧,,
Ga080103,歉疚,惭愧,,
Ga080103,疚心,惭愧,,
Ga080103,歉仄,惭愧,,
Ga080103,歉,惭愧,,
Ga080201,心虚,心虚,,
Ga080201,虚,心虚,,
Ga080201,不踏实,心虚,,
Ga080201,亏心,心虚,,
Ga080201,做贼心虚,心虚,,
Ga080201,心中有鬼,心虚,,
Ga090301,慌张,慌张,,
Ga090301,发慌,慌张,,
Ga090301,着慌,慌张,,
Ga090301,心慌,慌张,,
Ga090301,惊慌,慌张,,
Ga090301,惊惶,慌张,,
Ga090301,发毛,慌张,,
Ga090301,毛咕,慌张,,
Ga090301,张皇,慌张,,
Ga090301,仓皇,慌张,,
Ga090301,周章,慌张,,
Ga090301,惶遽,慌张,,
Ga090301,失措慌乱,慌张,,
Ga090301,慌神儿,慌张,,
Ga090301,慌,慌张,,
Ga090301,毛,慌张,,
Ga090301,慌手慌脚,慌张,,
Ga090301,手忙脚乱,慌张,,
Ga090301,毛毛腾腾,慌张,,
Ga090301,心慌意乱,慌张,,
Ga090301,不知所措,慌张,,
Ga090301,张皇失措,慌张,,
Ga090301,手足无措,慌张,,
Ga090301,惊慌失措,慌张,,
Ga090301,茫然失措,慌张,,
Ga090301,周章失措,慌张,,
Ga090301,失魂落魄,慌张,,
Ga090301,惊魂未定,慌张,,
Ga090301,心惊肉跳,慌张,,
Ga100101,着急,着急,,
Ga100101,焦急,着急,,
Ga100101,心急,着急,,
Ga100101,发急,着急,,
Ga100101,起急,着急,,
Ga100101,干急,着急,,
Ga100101,焦心,着急,,
Ga100101,心焦,着急,,
Ga100101,焦躁,着急,,
Ga100101,焦灼,着急,,
Ga100101,焦炙,着急,,
Ga100101,着忙,着急,,
Ga100101,慌忙急忙,着急,,
Ga100101,匆忙,着急,,
Ga100101,要紧,着急,,
Ga100101,急,着急,,
Ga100101,急急巴巴,着急,,
Ga100101,急巴巴,着急,,
Ga100101,气急败坏,着急,,
Ga100101,迫不及待,着急,,
Ga100101,急如星火,着急,,
Ga100101,心急如火,着急,,
Ga100101,心急如焚,着急,,
Ga100101,心急火燎,着急,,
Ga100101,火烧火燎,着急,,
Ga100101,急赤白脸,着急,,
Ga100201,急切,着急,,
Ga100201,迫切,着急,,
Ed410202,腻,厌烦,,
Ed410202,腻烦,厌烦,,
Ed410202,厌烦,厌烦,,
Ed410202,倒胃口,厌烦,,
Gb100102,嫌弃,厌烦,,
Gb100102,厌弃,厌烦,,
Gb100102,多嫌,厌烦,,
Gb100103,厌倦,厌烦,,
Gb100103,倦,厌烦,,
Gb100101,深恶痛绝,怨恨,,
Gb100101,疾首蹙额,怨恨,,
Gb100201,恨,怨恨,,
Gb100201,怨,怨恨,,
Gb100201,怨恨,怨恨,,
Gb100201,怨望,怨恨,,
Gb100201,怨艾,怨恨,,
Gb100201,怨尤,怨恨,,
Gb100201,怨怼,怨恨,,
Gb100201,怨恚,怨恨,,
Gb100201,恚恨,怨恨,,
Gb100201,恼恨,怨恨,,
Gb100202,仇视,怨恨,,
Gb100202,仇恨,怨恨,,
Gb100202,憎恨,怨恨,,
Gb100202,憎恶,怨恨,,
Gb100202,疾,怨恨,,
Gb100202,交恶,怨恨,,
Gb100202,怨毒,怨恨,,
Gb100203,怀恨,怨恨,,
Gb100203,衔恨,怨恨,,
Gb100203,记恨,怨恨,,
Gb100203,抱恨,怨恨,,
Gb100203,藏怒,怨恨,,
Gb100203,挟嫌,怨恨,,
Gb100203,抱恨终天,怨恨,,
Gb100204,愤恨,怨恨,,
Gb100204,愤毒,怨恨,,
Gb100204,愤盈,怨恨,,
Gb100204,痛恨,怨恨,,
Gb100204,切齿痛恨,怨恨,,
Gb100204,切齿腐心,怨恨,,
Gb100204,咬牙切齿,怨恨,,
Gb100204,恨之入骨,怨恨,,
Gb100204,恨入骨髓,怨恨,,
Gb100204,痛心疾首,怨恨,,
Gb100205,悲恨,怨恨,,
Gb100205,哀怨,怨恨,,
Gb110101,责怪,责怪,,
Gb110101,怪罪,责怪,,
Gb110101,见罪,责怪,,
Gb110101,见怪,责怪,,
Gb110101,嗔怪,责怪,,
Gb110101,嗔,责怪,,
Gb110102,埋怨,责怪,,
Gb110102,抱怨,责怪,,
Gb110101,怪,责怪,,
Hi210101,责备,责怪,,
Hi210101,责怪,责怪,,
Hi210101,指责,责怪,,
Hi210101,斥责,责怪,,
Hi210101,贬责,责怪,,
Hi210101,叱责,责怪,,
Hi210101,指斥,责怪,,
Hi210101,痛斥,责怪,,
Hi210101,训斥,责怪,,
Hi210101,申斥,责怪,,
Hi210101,指斥,责怪,,
Hi210101,指摘,责怪,,
Hi210101,非难,责怪,,
Hi210101,责难,责怪,,
Gb110201,抱屈,委屈,,
Gb110201,抱委屈,委屈,,
Gb110201,闹情绪,委屈,,
Gb210301,漠视,漠视,,
Gb210301,无视,漠视,,
Gb210301,冷淡,漠视,,
Gb210301,无所谓,漠视,,
Gb210301,不在乎,漠视,,
Gb210301,满不在乎,漠视,,
Gb210301,掉以轻心,漠视,,
Gb210301,等闲视之,漠视,,
Gb210301,漠然置之,漠视,,
Gb210301,漠不关心,漠视,,
Gb210401,鄙视,鄙视,,
Gb210401,蔑视,鄙视,,
Gb210401,藐视,鄙视,,
Gb210401,轻视,鄙视,,
Gb210401,小视,鄙视,,
Gb210401,小看,鄙视,,
Gb210401,小瞧,鄙视,,
Gb210401,看轻,鄙视,,
Gb210401,鄙薄,鄙视,,
Gb210401,鄙夷,鄙视,,
Gb210401,鄙弃,鄙视,,
Gb210401,唾弃,鄙视,,
Gb210401,吐弃,鄙视,,
Gb210401,轻蔑,鄙视,,
Gb210401,侮蔑,鄙视,,
Gb210401,不齿,鄙视,,
Gb210401,菲薄,鄙视,,
Gb210401,睥睨,鄙视,,
Gb210401,傲睨,鄙视,,
Gb210401,藐,鄙视,,
Gb210401,薄,鄙视,,
Gb210401,轻,鄙视,,
Gb210401,看不起,鄙视,,
Gb210401,瞧不起,鄙视,,
Gb210401,不屑一顾,鄙视,,
Gb210401,睨而视之,鄙视,,
Gb210401,嗤之以鼻,鄙视,,
Gb210401,视如敝屣,鄙视,,
Gb210401,文人相轻,鄙视,,
Hi420101,骂,责骂,,
Hi420101,詈,责骂,,
Hi420102,责骂,责骂,,
Hi420102,叱骂,责骂,,
Hi420102,斥骂,责骂,,
Hi420102,唾骂,责骂,,
Hi420102,排揎,责骂,,
Hi420102,叫骂,责骂,,
Hi420102,忿詈,责骂,,
Hi420102,骂街,责骂,,
Hi420102,骂骂咧咧,责骂,,
Hi420103,痛骂,责骂,,
Hi420103,臭骂,责骂,,
Hi420103,破口大骂,责骂,,
Hi420104,咒骂,责骂,,
Hi420104,诅咒,责骂,,
Hi420104,咒诅,责骂,,
Hi420105,怒斥,责骂,,
Hi420105,怒喝,责骂,,
Hi420105,叱呵,责骂,,
Hi420105,叱喝,责骂,,
Hi420105,呵喝,责骂,,
Hi420105,叱咄,责骂,,
Hi420105,叱咤,责骂,,
Hi420105,咄嗟,责骂,,
Hi420105,叱,责骂,,
Hi420106,呵责,责骂,,
Hi420106,呵斥,责骂,,
Hi420106,申斥,责骂,,
Hi420107,辱骂,责骂,,
Hi420107,诟骂,责骂,,
Hi420107,谩骂,责骂,,
Hi420107,漫骂,责骂,,
Hi420107,笑骂,责骂,,
Hi420108,相骂,责骂,,
Hi420108,对骂,责骂,,
Hi420108,骂架,责骂,,
Ic010201,哭,哭泣,,
Ic010201,啼哭,哭泣,,
Ic010201,啼,哭泣,,
Ic010201,哭鼻子,哭泣,,
Ic010201,哭哭啼啼,哭泣,,
Ic010201,哭丧着脸,哭泣,,
Ic010202,大恸恸,哭泣,,
Ic010202,号,哭泣,,
Ic010202,号哭,哭泣,,
Ic010202,呼号,哭泣,,
Ic010202,哀号,哭泣,,
Ic010202,号丧,哭泣,,
Ic010202,放声大哭,哭泣,,
Ic010202,声泪俱下,哭泣,,
Ic010202,号啕大哭,哭泣,,
Ic010202,痛哭流涕,哭泣,,
Ic010202,痛哭失声,哭泣,,
Ic010202,呼天抢地,哭泣,,
Ic010202,哭天哭地,哭泣,,
Ic010202,哭天抹泪,哭泣,,
Ic010202,如丧考妣,哭泣,,
Ic010202,啼饥号寒,哭泣,,
Ic010202,鬼哭神嚎,哭泣,,
Ic010202,鬼哭狼嚎,哭泣,,
Ic010203,泣,哭泣,,
Ic010203,哭泣,哭泣,,
Ic010203,饮泣,哭泣,,
Ic010203,啜泣,哭泣,,
Ic010203,涕泣,哭泣,,
Ic010203,淹泣,哭泣,,
Ic010203,淹涕,哭泣,,
Ic010203,抽泣,哭泣,,
Ic010203,抽噎,哭泣,,
Ic010203,抽搭,哭泣,,
Ic010203,哽咽,哭泣,,
Ic010203,幽咽,哭泣,,
Ic010203,悲咽,哭泣,,
Ic010203,呜咽,哭泣,,
Ic010203,吞声,哭泣,,
Ic010203,饮泣吞声,哭泣,,
Ic010204,流泪,哭泣,,
Ic010204,挥泪,哭泣,,
Ic010204,洒泪,哭泣,,
Ic010204,抛泪,哭泣,,
Ic010204,泪抛,哭泣,,
Ic010204,泪下,哭泣,,
Ic010204,涕零,哭泣,,
Ic010204,扑簌,哭泣,,
Ic010204,泫然流涕,哭泣,,
Ic010204,泫然泪下,哭泣,,
Ic010204,声泪俱下,哭泣,,
Ic010205,澜澜,哭泣,,
Ic010205,涕泗滂沱,哭泣,,
Ic010205,泪如泉涌,哭泣,,
Ic010205,泪如雨下,哭泣,,
Ic010205,泣下如雨,哭泣,,
Ic010205,泣下沾襟,哭泣,,
Ic010205,泣涕如雨,哭泣,,
Ic010205,泣涕涟涟,哭泣,,
Ic010205,涕泪交流,哭泣,,
Ic010205,以泪洗面,哭泣,,
Ic010205,满面泪痕,哭泣,,
Ic010205,泪痕斑斑,哭泣,,
Ic010205,老泪横流,哭泣,,
Ic010205,老泪纵横,哭泣,,
Ic010206,含泪,哭泣,,
Ic010206,泪汪汪,哭泣,,
Ga090101,镇静,镇定,,
Ga090101,沉着,镇定,,
Ga090101,镇定,镇定,,
Ga090101,沉住气,镇定,,
Ga090101,行若无事,镇定,,
Ga090101,若无其事,镇定,,
Ga090101,措置裕如,镇定,,
Ga090101,处之泰然,镇定,,
Ga090101,泰然处之,镇定,,
Ga090101,泰然自若,镇定,,
Ga090101,谈笑自若,镇定,,
Ga090101,满不在乎,镇定,,
Ga090101,不动声色,镇定,,
Ga090101,面不改色,镇定,,
Ga090101,宠辱不惊,镇定,,
Ga090101,神色不动,镇定,,
Ga090101,稳如泰山,镇定,,
Ga090102,从容,镇定,,
Ga090102,不慌不忙,镇定,,
Ga090102,从容不迫,镇定,,
Ga090102,好整以暇,镇定,,
Ga090201,心静,镇定,,
Ga090201,平静,镇定,,
Ga090201,安静,镇定,,
Ga090201,宁静,镇定,,
Ga090201,恬静,镇定,,
Ga090201,宁帖,镇定,,
Ga090201,熨帖,镇定,,
Ga090201,坦然,镇定,,
Ga090201,安然,镇定,,
Ga090201,释然,镇定,,
Ga090201,恬然,镇定,,
Ga090201,消停,镇定,,
Ga090201,平心静气,镇定,,
Ga090201,心平气和,镇定,,
Ga090202,定心,镇定,,
Ga090202,心定,镇定,,
Ga090202,安稳,镇定,,
Ga090202,落实,镇定,,
Ga090202,塌实,镇定,,
Ga090202,笃定,镇定,,
Ga080301,无愧,无愧,,
Ga080301,不愧,无愧,,
Ga080301,硬气,无愧,,
Ga080301,对得起,无愧,,
Ga080301,对得住,无愧,,
Ga080301,理直气壮,无愧,,
Ga080301,心安理得,无愧,,
Ga080301,问心无愧,无愧,,
Ga080301,无愧衾影,无愧,,
Ga080301,仰不愧天,无愧,,
Ga080301,不愧不怍,无愧,,
Ga080301,不愧屋漏,无愧,,
Ga060101,满意,满意,,
Ga060101,惬意,满意,,
Ga060101,乐意,满意,,
Ga060101,中意,满意,,
Ga060101,合意,满意,,
Ga060101,可意,满意,,
Ga060101,遂意,满意,,
Ga060101,如意,满意,,
Ga060101,称意,满意,,
Ga060101,遂心,满意,,
Ga060101,称心,满意,,
Ga060101,惬心,满意,,
Ga060101,惬志,满意,,
Ga060101,可心,满意,,
Ga060101,顺心,满意,,
Ga060101,对眼,满意,,
Ga060101,称愿,满意,,
Ga060101,遂心如意,满意,,
Ga060101,称心如意,满意,,
Ga060101,如愿以偿,满意,,
Ga060101,心满意足,满意,,
Ga060101,求仁得仁,满意,,
Ga060101,正中下怀,满意,,
Ga060101,差强人意,满意,,
Ga060201,满足,满意,,
Ga060201,惬怀,满意,,
Ga060301,舒畅,舒畅,,
Ga060301,宽畅,舒畅,,
Ga060301,酣畅,舒畅,,
Ga060301,欢畅,舒畅,,
Ga060301,畅快,舒畅,,
Ga060301,痛快,舒畅,,
Ga060301,清爽,舒畅,,
Ga060301,爽快,舒畅,,
Ga060301,松快,舒畅,,
Ga060301,宽展,舒畅,,
Ga060301,好受,舒畅,,
Ga060301,好过,舒畅,,
Ga060301,得劲,舒畅,,
Ga060301,是味儿,舒畅,,
Ga060301,舒服,舒畅,,
Ga060301,舒适,舒畅,,
Ga060301,舒心,舒畅,,
Ga060301,快意,舒畅,,
Ga060301,适意,舒畅,,
Ga060301,痛快淋漓,舒畅,,
Ga060301,心旷神怡,舒畅,,
Ga060301,赏心悦目,舒畅,,
Ga060301,扬眉吐气,舒畅,,
Ga060302,轻松,舒畅,,
Ga060302,自在,舒畅,,
Ga060302,轻裘缓带,舒畅,,
Ga060302,优哉游哉,舒畅,,
Ga060302,消遥自在,舒畅,,
Ga060302,清闲自在,舒畅,,
Ga060302,自由自在,舒畅,,
Ga060303,畅,舒畅,,
Ga060303,敞,舒畅,,
Ga060303,酣,舒畅,,
Ga060303,尽兴,舒畅,,
Ga060303,开怀,舒畅,,
Ga060303,放怀,舒畅,,
Ga060303,骋怀,舒畅,,
Ga040101,得意,得意,,
Ga040101,抖,得意,,
Ga040101,美,得意,,
Ga040101,伸眉,得意,,
Ga040101,飘飘然,得意,,
Ga040101,怡然自得,得意,,
Ga040101,得意扬扬,得意,,
Ga040101,扬扬得意,得意,,
Ga040101,扬眉吐气,得意,,
Ga040101,自鸣得意,得意,,
Ga040101,春风得意,得意,,
Ga040101,扬扬自得,得意,,
Ga040101,自得其乐,得意,,
Ga040101,沾沾自喜,得意,,
Ga040101,自我欣赏,得意,,
Ga040101,摇头晃脑,得意,,
Ga040101,摇头摆尾,得意,,
Ga040101,仰首伸眉,得意,,
Ga040101,踌躇满志,得意,,
Ga040101,得意忘形,得意,,
Ga040101,顾盼自雄,得意,,
Ga010101,高兴,高兴,,
Ga010101,开心,高兴,,
Ga010101,愉快,高兴,,
Ga010101,欢快,高兴,,
Ga010101,称快,高兴,,
Ga010101,快活,高兴,,
Ga010101,快乐,高兴,,
Ga010101,欢乐,高兴,,
Ga010101,岂乐,高兴,,
Ga010101,乐和,高兴,,
Ga010101,欢然,高兴,,
Ga010101,欢娱,高兴,,
Ga010101,欢愉,高兴,,
Ga010101,欢虞,高兴,,
Ga010101,欢欣,高兴,,
Ga010101,欢喜,高兴,,
Ga010101,喜欢,高兴,,
Ga010101,欣喜,高兴,,
Ga010101,欣欣,高兴,,
Ga010101,欣然,高兴,,
Ga010101,怡然,高兴,,
Ga010101,陶然,高兴,,
Ga010101,陶陶,高兴,,
Ga010101,愉悦,高兴,,
Ga010101,愉愉,高兴,,
Ga010101,融融,高兴,,
Ga010101,乐意,高兴,,
Ga010101,乐,高兴,,
Ga010101,欢,高兴,,
Ga010101,喜,高兴,,
Ga010101,快,高兴,,
Ga010101,欣,高兴,,
Ga010101,怡,高兴,,
Ga010101,乐陶陶,高兴,,
Ga010101,乐滋滋,高兴,,
Ga010101,乐呵呵,高兴,,
Ga010101,乐悠悠,高兴,,
Ga010101,乐融融,高兴,,
Ga010101,喜冲冲,高兴,,
Ga010101,喜滋滋,高兴,,
Ga010101,喜洋洋,高兴,,
Ga010101,喜气洋洋,高兴,,
Ga010101,兴冲冲,高兴,,
Ga010101,甜丝丝,高兴,,
Ga010101,美丝丝,高兴,,
Ga010101,美滋滋,高兴,,
Ga010101,美不滋儿,高兴,,
Ga010101,欢欣鼓舞,高兴,,
Ga010101,欢欣雀跃,高兴,,
Ga010101,赏心悦目,高兴,,
Ga010101,如获至宝,高兴,,
Ga010102,狂喜,高兴,,
Ga010102,销魂,高兴,,
Ga010102,欢天喜地,高兴,,
Ga010102,欣喜若狂,高兴,,
Ga010102,喜出望外,高兴,,
Ga010102,大喜过望,高兴,,
Ga010102,兴高采烈,高兴,,
Ga010102,乐不可支,高兴,,
Ga010102,其乐无穷,高兴,,
Ga010102,心花怒放,高兴,,
Ga010103,开颜,高兴,,
Ga010103,面有喜色,高兴,,
Ga010103,喜形于色,高兴,,
Ga010103,眉飞色舞,高兴,,
Ga010103,春风满面,高兴,,
Ga010103,满面春风,高兴,,
Ga010104,欢腾,高兴,,
Ga010104,欢跃,高兴,,
Ga010104,凫趋雀跃,高兴,,
Ga010104,手舞足蹈,高兴,,
Ga010105,欣幸,高兴,,
Ga010105,喜幸,高兴,,
Ga010105,庆幸,高兴,,
Ga010105,幸喜,高兴,,
Ga010105,幸甚,高兴,,
Ga010105,庆,高兴,,
Ga010105,拍手称快,高兴,,
Ga010105,大快人心,高兴,,
Ga010105,皆大欢喜,高兴,,
Ga010105,喜从天降,高兴,,
Ic010101,乐,高兴,,
Ic010101,欢笑,高兴,,
Ic010101,解颐,高兴,,
Ic010102,大笑,高兴,,
Ic010102,哈哈大笑,高兴,,
Ic010102,纵声大笑,高兴,,
Ic010102,仰天大笑,高兴,,
Ic010102,前仰后合,高兴,,
Ic010102,捧腹大笑,高兴,,
Ic010102,拊掌大笑,高兴,,
Ic010103,微笑,高兴,,
Ic010103,莞尔,高兴,,
Ic010103,哂,高兴,,
Ic010103,掩口而笑,高兴,,
Ic010103,冁然而笑,高兴,,
Ic010103,粲然一笑,高兴,,
Ic010103,嫣然一笑,高兴,,
Ic010110,笑哈哈,高兴,,
Ic010110,笑呵呵,高兴,,
Ic010110,笑乎乎,高兴,,
Ic010110,笑眯眯,高兴,,
Ic010110,笑嘻嘻,高兴,,
Ic010110,笑盈盈,高兴,,
Ic010110,笑吟吟,高兴,,
Ic010111,嘻嘻哈哈,高兴,,
Ic010111,嬉笑,高兴,,
Ic010112,含笑,高兴,,
Ic010112,笑容满面,高兴,,
Ic010112,笑容可掬,高兴,,
Ic010112,眉开眼笑,高兴,,
Ic010112,喜眉笑眼,高兴,,
Ic010112,笑逐颜开,高兴,,
Ga010105,额手称庆,高兴,,
Ga090201,心静,心静,,
Ga090201,平静,心静,,
Ga090201,安静,心静,,
Ga090201,宁静,心静,,
Ga090201,恬静,心静,,
Ga090201,宁帖,心静,,
Ga090201,熨帖,心静,,
Ga090201,坦然,心静,,
Ga090201,安然,心静,,
Ga090201,释然,心静,,
Ga090201,恬然,心静,,
Ga090201,消停,心静,,
Ga090201,平心静气,心静,,
Gb090101,喜欢,喜爱,,
Gb090101,喜爱,喜爱,,
Gb090101,喜好,喜欢,,
Gb090101,爱慕,喜欢,,
Gb090101,爱好,喜爱,,
Gb090101,欣赏,喜爱,,
Gb090101,希罕,喜爱,,
Gb090101,好,喜爱,,
Gb090101,爱,喜爱,,
Gb090101,喜,喜爱,,
Gb090101,嗜,喜爱,,
Gb090101,耽,喜爱,,
Gb090101,好尚,喜爱,,
Gb090101,爱不释手,喜爱,,
Gb090201,爱,喜爱,,
Gb090201,喜爱,喜爱,,
Gb090201,怜爱,喜爱,,
Gb090201,心爱,喜爱,,
Gb090201,钟爱,喜爱,,
Gb090201,友爱,喜爱,,
Gb090201,惠爱,喜爱,,
Gb090201,疼爱,喜爱,,
Gb090201,酷爱,喜爱,,
Gb090201,疼,喜爱,,
Gb090201,慈,喜爱,,
Gb090201,爱慕,喜爱,,
Gb090201,向慕,喜爱,,
Gb090202,恋,倾心,,
Gb090202,爱恋,倾心,,
Gb090202,热恋,倾心,,
Gb090202,恋爱,倾心,,
Gb090205,倾心,倾心,,
Gb090205,动情,倾心,,
Gb090205,钟情,倾心,,
Gb090205,怀春,倾心,,
Gb090205,一往情深,倾心,,
Gb090205,一见钟情,倾心,,
Gb090205,堕入情网,倾心,,
Gb090206,相好,倾心,,
Gb090206,相爱,倾心,,
Gb090206,两心相悦,倾心,,
Gb090206,两小无猜,倾心,,
Gb090206,两情缱绻,倾心,,
Gb150101,赞成,赞成,,
Gb150101,赞同,赞成,,
Gb150101,同情,赞成,,
Gb150101,倾向,赞成,,
Gb150101,支持,赞成,,
Gb150201,同意,赞成,,
Gb150201,认可,赞成,,
Gb150201,可以,赞成,,
Gb150201,首肯,赞成,,
Gb150201,可,赞成,,
Gb150301,拥护,赞成,,
Gb150301,拥,赞成,,
Gb150301,拥戴,赞成,,
Gc010101,愿意,愿意,,
Gc010101,情愿,愿意,,
Gc010101,甘愿,愿意,,
Gc010101,甘心,愿意,,
Gc010101,甘于,愿意,,
Gc010101,乐意,愿意,,
Gc010101,乐于,愿意,,
Gc010101,肯,愿意,,
Gc010101,愿,愿意,,
Gc010101,甘心情愿,愿意,,
Gc010101,心甘情愿,愿意,,
Gc010101,何乐不为,愿意,,
Gc010102,自愿,愿意,,
Gc010102,志愿,愿意,,
Gc010102,自觉自愿,愿意,,
Hi400101,称赞,称赞,,
Hi400101,夸赞,称赞,,
Hi400101,咏赞,称赞,,
Hi400101,称誉,称赞,,
Hi400101,赞誉,称赞,,
Hi400101,赞美,称赞,,
Hi400101,赞叹,称赞,,
Hi400101,赞颂,称赞,,
Hi400101,叹赏,称赞,,
Hi400101,称赏,称赞,,
Hi400101,赞赏,称赞,,
Hi400101,称道,称赞,,
Hi400101,称许,称赞,,
Hi400101,称颂,称赞,,
Hi400101,赞扬,称赞,,
Hi400101,揄扬,称赞,,
Hi400101,颂扬,称赞,,
Hi400101,褒扬,称赞,,
Hi400101,显扬,称赞,,
Hi400101,嘉尚,称赞,,
Hi400101,歌颂,称赞,,
Hi400101,讴歌,称赞,,
Hi400101,歌唱,称赞,,
Hi400101,嘉许,称赞,,
Hi400101,推许,称赞,,
Hi400101,赞许,称赞,,
Hi400101,褒奖,称赞,,
Hi400101,奖许,称赞,,
Hi400101,奖誉,称赞,,
Hi400101,奖饰,称赞,,
Hi400101,夸奖,称赞,,
Hi400101,抬举,称赞,,
Hi400101,叫好,称赞,,
Hi400101,赞,称赞,,
Hi400101,誉,称赞,,
Hi400101,嘉,称赞,,
Hi400101,称,称赞,,
Hi400101,颂,称赞,,
Hi400101,褒,称赞,,
Hi400101,夸,称赞,,
Hi400101,许,称赞,,
Hi400101,拍手叫好,称赞,,
Hi400101,唱赞歌,称赞,,
Hi400101,啧啧称羡,称赞,,
Hi400102,盛赞,称赞,,
Hi400102,激赏,称赞,,
Hi400102,击赏,称赞,,
Hi400102,击节称赏,称赞,,
Hi400102,叹为观止,称赞,,
Hi400102,拍案叫绝,称赞,,
Hi400102,交口称誉,称赞,,
Hi400102,有口皆碑,称赞,,
Hi400102,口碑载道,称赞,,
Hi400102,歌功颂德,称赞,,
Ic050101,振奋,振奋,,
Ic050101,振作,振奋,,
Ic050101,振刷,振奋,,
Ic050101,抖擞,振奋,,
Ic050101,饱满,振奋,,
Ic050101,旺盛,振奋,,
Ic050101,充沛,振奋,,
Ic050101,焕发,振奋,,
Ic050101,风发,振奋,,
Ic050101,奋发,振奋,,
Ic050101,奋起,振奋,,
Ic050101,矍铄,振奋,,
Ic050101,上劲,振奋,,
Ic050101,来劲,振奋,,
Ic050101,起劲,振奋,,
Ic050101,带劲,振奋,,
Ic050101,神气,振奋,,
Ic050101,精神,振奋,,
Ic050101,精神十足,振奋,,
Ic050101,精神百倍,振奋,,
Ic050101,神采奕奕,振奋,,
Ic050101,生龙活虎,振奋,,
Ic050101,生气勃勃,振奋,,
Ic050101,朝气蓬勃,振奋,,
Ic050102,激发,振奋,,
Ic050102,鼓,振奋,,
Ic050102,抖,振奋,,
Ic050102,打,振奋,,
Ic050102,激,振奋,,
Ic050103,投袂而起,振奋,,
Ic050103,奋袖而起,振奋,,
Ic050104,拂衣而起,振奋,,
Ic050104,振衣而起,振奋,,
Ic050201,激昂,振奋,,
Ic050201,激扬,振奋,,
Ic050201,昂扬,振奋,,
Ic050201,高昂,振奋,,
Ic050201,昂然,振奋,,
Ic050201,昂昂,振奋,,
Ic050201,冲冲,振奋,,
Ic050201,仰首伸眉,振奋,,
Ic050201,慷慨激昂,振奋,,
Ic050201,激昂慷慨,振奋,,
Ic050201,拍案而起,振奋,,
Ic050201,壮志凌云,振奋,,
Ic050201,意气风发,振奋,,
Hi100101,祝愿,祝愿,,
Hi100101,祝,祝愿,,
Hi100101,祝祷,祝愿,,
Hi100101,祝颂,祝愿,,
Hi100101,祝福,祝愿,,
Hi100101,祷祝,祝愿,,
Hi100201,祝贺,祝愿,,
Hi100201,庆贺,祝愿,,
Hi100201,道贺,祝愿,,
Hi100201,道喜,祝愿,,
Hi100201,庆,祝愿,,
Hi100201,贺,祝愿,,
Hi100201,拜,祝愿,,
Hi100201,恭喜,祝愿,,
Hi290101,感谢,道谢,,
Hi290101,感,道谢,,
Hi290101,谢,道谢,,
Hi290101,谢谢,道谢,,
Hi290101,道谢,道谢,,
Hi290101,称谢,道谢,,
Hi290101,致谢,道谢,,
Hi290101,申谢,道谢,,
Hi290101,鸣谢,道谢,,
Hi290101,璧谢,道谢,,
Hi290101,感恩戴德,道谢,,
Hi290102,酬谢,道谢,,
Hi290102,酬答,道谢,,
Hi290102,酬劳,道谢,,
Hi290102,酬报,道谢,,
Hi290102,酬,道谢,,
Hi290103,道乏,道谢,,
Hi290103,道劳,道谢,,
Hi290104,答谢,道谢,,
Hi290104,报谢,道谢,,
Hi290201,报答,道谢,,
Hi290201,报还,道谢,,
Hi290201,报偿,道谢,,
Ga140301,留恋,留恋,,
Ga140301,贪恋,留恋,,
Ga140301,眷恋,留恋,,
Ga140301,系恋,留恋,,
Ga140301,依恋,留恋,,
Ga140301,怀恋,留恋,,
Ga140301,恋恋,留恋,,
Ga140301,恋,留恋,,
Ga140301,流连,留恋,,
Ga140301,依依,留恋,,
Ga140301,眷眷,留恋,,
Ga140301,低回,留恋,,
Ga140301,依依不舍,留恋,,
Ga140301,恋恋不舍,留恋,,
Ga170301,感激,感激,,
Ga170301,感纫,感激,,
Ga170301,纫,感激,,
Ga170301,领情,感激,,
Ga170301,铭佩,感激,,
Ga170301,纫佩,感激,,
Ga170301,感铭,感激,,
Ga170301,铭感,感激,,
Ga170301,感激涕零,感激,,
Ga170201,感动,感动,,
Ga170201,感,感动,,
Ga170201,触,感动,,
Ga170201,动容,感动,,
Ga170201,感触,感动,,
Ga170201,枨触,感动,,
Ga170201,百感丛生,感动,,
Ga170202,触动,感动,,
Ga170202,动心,感动,,
Ga170101,激动,激动,,
Ga170101,冲动,激动,,
Ga170101,兴奋,激动,,
Ga170101,心潮澎湃,激动,,
Ga170101,百感交集,激动,,
Ga170102,心盛,激动,,
Ga170102,情绪高,激动,,
Ga170102,兴致勃勃,激动,,
Gb120201,佩服,佩服,,
Gb120201,敬佩,佩服,,
Gb120201,钦佩,佩服,,
Gb120201,赞佩,佩服,,
Gb120201,佩,佩服,,
Gb120201,畏,佩服,,
Gb120201,崇拜,佩服,,
Gb120201,悦服,佩服,,
Gb120201,拜服,佩服,,
Gb120201,叹服,佩服,,
Gb120201,推服,佩服,,
Gb120201,倾,佩服,,
Gb120201,倾倒,佩服,,
Gb120201,服膺,佩服,,
Gb120201,心折,佩服,,
Gb120201,肃然起敬,佩服,,
Gb120201,心悦诚服,佩服,,
Gb120201,五体投地,佩服,,
Ga160201,害怕,害怕,,
Ga160201,惧怕,害怕,,
Ga160201,生怕,害怕,,
Ga160201,怕,害怕,,
Ga160201,生恐,害怕,,
Ga160201,畏怯,害怕,,
Ga160201,畏惧,害怕,,
Ga160201,恐惧,害怕,,
Ga160201,疑惧,害怕,,
Ga160201,恐怖,害怕,,
Ga160201,胆寒,害怕,,
Ga160201,心寒,害怕,,
Ga160201,心悸,害怕,,
Ga160201,忌惮,害怕,,
Ga160201,畏葸,害怕,,
Ga160201,狼顾,害怕,,
Ga160201,懔懔,害怕,,
Ga160201,惶惑,害怕,,
Ga160201,失色,害怕,,
Ga160201,失容,害怕,,
Ga160201,咋舌,害怕,,
Ga160201,挢舌,害怕,,
Ga160201,惕息,害怕,,
Ga160201,戒惧,害怕,,
Ga160201,怵惕,害怕,,
Ga160201,悚然,害怕,,
Ga160201,震悚,害怕,,
Ga160201,丧胆,害怕,,
Ga160201,慑,害怕,,
Ga160201,恐,害怕,,
Ga160201,惮,害怕,,
Ga160201,惧,害怕,,
Ga160201,畏,害怕,,
Ga160201,怖,害怕,,
Ga160201,亡魂丧胆,害怕,,
Ga160201,闻风丧胆,害怕,,
Ga160201,丧魂落魄,害怕,,
Ga160201,魂不附体,害怕,,
Ga160201,魂飞魄散,害怕,,
Ga160201,魄散魂飞,害怕,,
Ga160201,战战兢兢,害怕,,
Ga160201,惊心掉胆,害怕,,
Ga160201,毛骨悚然,害怕,,
Ga160201,提心吊胆,害怕,,
Ga160201,胆颤心惊,害怕,,
Ga160201,心惊胆颤,害怕,,
Ga160201,心惊肉跳,害怕,,
Ga160201,心胆俱裂,害怕,,
Ga160201,不寒而栗,害怕,,
Ga160201,噤若寒蝉,害怕,,
Ga160201,惊恐万状,害怕,,
Ga160201,大惊失色,害怕,,
Ga160201,面如土色,害怕,,
Ga160201,面无人色,害怕,,
Ga160201,胁肩累足,害怕,,
Ga160201,视为畏途,害怕,,
Ga160201,望而生畏,害怕,,
Ga160201,望而却步,害怕,,
Ga160202,忧惧,害怕,,
Ga160202,危惧,害怕,,
Ga160202,惕厉,害怕,,
Ga160202,惕惕,害怕,,
Ga160202,闵闵,害怕,,
Ga160203,后怕,害怕,,
Ga160203,余悸,害怕,,
Ga160203,心有余悸,害怕,,
Ga160203,谈虎色变,害怕,,
Ga160204,惊恐,害怕,,
Ga160204,惶恐,害怕,,
Ga160204,惊骇,害怕,,
Ga160204,怔忪,害怕,,
Ga160204,怔营,害怕,,
Ga160204,惶惶,害怕,,
Ga160204,宠辱若惊,害怕,,
Ga160204,惊惶失措,害怕,,
Ga160204,掠恐万状,害怕,,
Ga160204,杯弓蛇影,害怕,,
Ga160204,风声鹤唳,害怕,,
Ga160204,草木皆兵,害怕,,
Ga160204,如临大敌,害怕,,
Ga160205,受惊,害怕,,
Ga160205,吃惊,害怕,,
Ga160205,震惊,害怕,,
Ga160205,震悚,害怕,,
Ga160205,一坐皆惊,害怕,,
Ga160206,畏缩,害怕,,
Ga160206,畏忌,害怕,,
Ga160206,退避,害怕,,
Ga160206,发憷,害怕,,
Ga160206,缩头缩脑,害怕,,
Ga160206,畏首畏尾,害怕,,
Ga160206,退避三舍,害怕,,